ID,Condition,Trial ,justice,age,participantgender,gender,race,year
2,4,1,10,26,1,1,5,3
2,4,2,10,26,1,1,5,3
2,4,3,10,26,1,1,5,3
2,4,4,10,26,1,1,5,3
2,4,5,10,26,1,1,5,3
2,4,6,10,26,1,1,5,3
2,4,7,10,26,1,1,5,3
2,4,8,10,26,1,1,5,3
2,4,9,10,26,1,1,5,3
2,4,10,10,26,1,1,5,3
2,4,11,10,26,1,1,5,3
2,4,12,10,26,1,1,5,3
2,4,13,10,26,1,1,5,3
2,4,14,7,26,1,1,5,3
2,4,15,8,26,1,1,5,3
2,4,16,7,26,1,1,5,3
2,4,17,8,26,1,1,5,3
2,4,18,8,26,1,1,5,3
2,4,19,9,26,1,1,5,3
4,3,1,8,21,1,1,1,4
4,3,2,8,21,1,1,1,4
4,3,3,8,21,1,1,1,4
4,3,4,8,21,1,1,1,4
4,3,5,9,21,1,1,1,4
4,3,6,8,21,1,1,1,4
4,3,7,6,21,1,1,1,4
4,3,8,6,21,1,1,1,4
4,3,9,7,21,1,1,1,4
4,3,10,7,21,1,1,1,4
4,3,11,4,21,1,1,1,4
4,3,12,5,21,1,1,1,4
4,3,13,8,21,1,1,1,4
4,3,14,8,21,1,1,1,4
4,3,15,9,21,1,1,1,4
4,3,16,8,21,1,1,1,4
4,3,17,9,21,1,1,1,4
4,3,18,8,21,1,1,1,4
4,3,19,8,21,1,1,1,4
5,2,1,10,21,1,1,1,4
5,2,2,10,21,1,1,1,4
5,2,3,10,21,1,1,1,4
5,2,4,10,21,1,1,1,4
5,2,5,10,21,1,1,1,4
5,2,6,10,21,1,1,1,4
5,2,7,3,21,1,1,1,4
5,2,8,1,21,1,1,1,4
5,2,9,10,21,1,1,1,4
5,2,10,6,21,1,1,1,4
5,2,11,1,21,1,1,1,4
5,2,12,10,21,1,1,1,4
5,2,13,10,21,1,1,1,4
5,2,14,10,21,1,1,1,4
5,2,15,10,21,1,1,1,4
5,2,16,10,21,1,1,1,4
5,2,17,10,21,1,1,1,4
5,2,18,10,21,1,1,1,4
5,2,19,8,21,1,1,1,4
6,1,1,4,21,1,1,5,3
6,1,2,1,21,1,1,5,3
6,1,3,3,21,1,1,5,3
6,1,4,4,21,1,1,5,3
6,1,5,1,21,1,1,5,3
6,1,6,3,21,1,1,5,3
6,1,7,9,21,1,1,5,3
6,1,8,9,21,1,1,5,3
6,1,9,5,21,1,1,5,3
6,1,10,8,21,1,1,5,3
6,1,11,9,21,1,1,5,3
6,1,12,5,21,1,1,5,3
6,1,13,5,21,1,1,5,3
6,1,14,5,21,1,1,5,3
6,1,15,4,21,1,1,5,3
6,1,16,5,21,1,1,5,3
6,1,17,5,21,1,1,5,3
6,1,18,5,21,1,1,5,3
6,1,19,7,21,1,1,5,3
7,5,1,5,22,1,1,1,3
7,5,2,2,22,1,1,1,3
7,5,3,9,22,1,1,1,3
7,5,4,7,22,1,1,1,3
7,5,5,9,22,1,1,1,3
7,5,6,9,22,1,1,1,3
7,5,7,9,22,1,1,1,3
7,5,8,10,22,1,1,1,3
7,5,9,10,22,1,1,1,3
7,5,10,4,22,1,1,1,3
7,5,11,8,22,1,1,1,3
7,5,12,5,22,1,1,1,3
7,5,13,10,22,1,1,1,3
7,5,14,8,22,1,1,1,3
7,5,15,7,22,1,1,1,3
7,5,16,10,22,1,1,1,3
7,5,17,5,22,1,1,1,3
7,5,18,9,22,1,1,1,3
7,5,19,7,22,1,1,1,3
8,4,1,5,29,1,1,2,4
8,4,2,1,29,1,1,2,4
8,4,3,4,29,1,1,2,4
8,4,4,2,29,1,1,2,4
8,4,5,5,29,1,1,2,4
8,4,6,2,29,1,1,2,4
8,4,7,5,29,1,1,2,4
8,4,8,5,29,1,1,2,4
8,4,9,5,29,1,1,2,4
8,4,10,5,29,1,1,2,4
8,4,11,5,29,1,1,2,4
8,4,12,1,29,1,1,2,4
8,4,13,5,29,1,1,2,4
8,4,14,1,29,1,1,2,4
8,4,15,1,29,1,1,2,4
8,4,16,1,29,1,1,2,4
8,4,17,1,29,1,1,2,4
8,4,18,1,29,1,1,2,4
8,4,19,5,29,1,1,2,4
9,4,1,10,25,1,1,1,4
9,4,2,10,25,1,1,1,4
9,4,3,10,25,1,1,1,4
9,4,4,10,25,1,1,1,4
9,4,5,10,25,1,1,1,4
9,4,6,10,25,1,1,1,4
9,4,7,10,25,1,1,1,4
9,4,8,10,25,1,1,1,4
9,4,9,10,25,1,1,1,4
9,4,10,10,25,1,1,1,4
9,4,11,10,25,1,1,1,4
9,4,12,10,25,1,1,1,4
9,4,13,1,25,1,1,1,4
9,4,14,1,25,1,1,1,4
9,4,15,3,25,1,1,1,4
9,4,16,3,25,1,1,1,4
9,4,17,5,25,1,1,1,4
9,4,18,8,25,1,1,1,4
9,4,19,8,25,1,1,1,4
10,3,1,8,19,1,1,1,1
10,3,2,10,19,1,1,1,1
10,3,3,10,19,1,1,1,1
10,3,4,9,19,1,1,1,1
10,3,5,9,19,1,1,1,1
10,3,6,9,19,1,1,1,1
10,3,7,3,19,1,1,1,1
10,3,8,3,19,1,1,1,1
10,3,9,1,19,1,1,1,1
10,3,10,1,19,1,1,1,1
10,3,11,1,19,1,1,1,1
10,3,12,3,19,1,1,1,1
10,3,13,8,19,1,1,1,1
10,3,14,9,19,1,1,1,1
10,3,15,8,19,1,1,1,1
10,3,16,10,19,1,1,1,1
10,3,17,10,19,1,1,1,1
10,3,18,9,19,1,1,1,1
10,3,19,7,19,1,1,1,1
11,4,1,10,20,1,1,1,2
11,4,2,10,20,1,1,1,2
11,4,3,10,20,1,1,1,2
11,4,4,10,20,1,1,1,2
11,4,5,10,20,1,1,1,2
11,4,6,10,20,1,1,1,2
11,4,7,10,20,1,1,1,2
11,4,8,9,20,1,1,1,2
11,4,9,9,20,1,1,1,2
11,4,10,9,20,1,1,1,2
11,4,11,8,20,1,1,1,2
11,4,12,9,20,1,1,1,2
11,4,13,8,20,1,1,1,2
11,4,14,7,20,1,1,1,2
11,4,15,6,20,1,1,1,2
11,4,16,6,20,1,1,1,2
11,4,17,4,20,1,1,1,2
11,4,18,7,20,1,1,1,2
11,4,19,6,20,1,1,1,2
12,1,1,2,20,1,1,1,3
12,1,2,1,20,1,1,1,3
12,1,3,10,20,1,1,1,3
12,1,4,6,20,1,1,1,3
12,1,5,3,20,1,1,1,3
12,1,6,7,20,1,1,1,3
12,1,7,10,20,1,1,1,3
12,1,8,10,20,1,1,1,3
12,1,9,10,20,1,1,1,3
12,1,10,10,20,1,1,1,3
12,1,11,10,20,1,1,1,3
12,1,12,10,20,1,1,1,3
12,1,13,10,20,1,1,1,3
12,1,14,9,20,1,1,1,3
12,1,15,9,20,1,1,1,3
12,1,16,10,20,1,1,1,3
12,1,17,10,20,1,1,1,3
12,1,18,10,20,1,1,1,3
12,1,19,7,20,1,1,1,3
13,1,1,3,22,1,1,2,4
13,1,2,1,22,1,1,2,4
13,1,3,4,22,1,1,2,4
13,1,4,3,22,1,1,2,4
13,1,5,1,22,1,1,2,4
13,1,6,8,22,1,1,2,4
13,1,7,10,22,1,1,2,4
13,1,8,10,22,1,1,2,4
13,1,9,10,22,1,1,2,4
13,1,10,8,22,1,1,2,4
13,1,11,10,22,1,1,2,4
13,1,12,10,22,1,1,2,4
13,1,13,9,22,1,1,2,4
13,1,14,9,22,1,1,2,4
13,1,15,10,22,1,1,2,4
13,1,16,10,22,1,1,2,4
13,1,17,10,22,1,1,2,4
13,1,18,9,22,1,1,2,4
13,1,19,7,22,1,1,2,4
14,1,1,4,18,1,1,2,1
14,1,2,3,18,1,1,2,1
14,1,3,8,18,1,1,2,1
14,1,4,10,18,1,1,2,1
14,1,5,5,18,1,1,2,1
14,1,6,5,18,1,1,2,1
14,1,7,5,18,1,1,2,1
14,1,8,5,18,1,1,2,1
14,1,9,5,18,1,1,2,1
14,1,10,5,18,1,1,2,1
14,1,11,5,18,1,1,2,1
14,1,12,5,18,1,1,2,1
14,1,13,5,18,1,1,2,1
14,1,14,5,18,1,1,2,1
14,1,15,5,18,1,1,2,1
14,1,16,6,18,1,1,2,1
14,1,17,8,18,1,1,2,1
14,1,18,5,18,1,1,2,1
14,1,19,5,18,1,1,2,1
15,3,1,9,21,1,1,1,3
15,3,2,10,21,1,1,1,3
15,3,3,9,21,1,1,1,3
15,3,4,9,21,1,1,1,3
15,3,5,9,21,1,1,1,3
15,3,6,9,21,1,1,1,3
15,3,7,7,21,1,1,1,3
15,3,8,3,21,1,1,1,3
15,3,9,6,21,1,1,1,3
15,3,10,6,21,1,1,1,3
15,3,11,2,21,1,1,1,3
15,3,12,6,21,1,1,1,3
15,3,13,10,21,1,1,1,3
15,3,14,10,21,1,1,1,3
15,3,15,10,21,1,1,1,3
15,3,16,10,21,1,1,1,3
15,3,17,10,21,1,1,1,3
15,3,18,9,21,1,1,1,3
15,3,19,8,21,1,1,1,3
16,4,1,10,19,1,1,1,2
16,4,2,10,19,1,1,1,2
16,4,3,10,19,1,1,1,2
16,4,4,8,19,1,1,1,2
16,4,5,8,19,1,1,1,2
16,4,6,10,19,1,1,1,2
16,4,7,10,19,1,1,1,2
16,4,8,10,19,1,1,1,2
16,4,9,10,19,1,1,1,2
16,4,10,10,19,1,1,1,2
16,4,11,10,19,1,1,1,2
16,4,12,10,19,1,1,1,2
16,4,13,7,19,1,1,1,2
16,4,14,3,19,1,1,1,2
16,4,15,10,19,1,1,1,2
16,4,16,1,19,1,1,1,2
16,4,17,6,19,1,1,1,2
16,4,18,7,19,1,1,1,2
16,4,19,3,19,1,1,1,2
17,4,1,9,19,1,1,1,1
17,4,2,9,19,1,1,1,1
17,4,3,9,19,1,1,1,1
17,4,4,9,19,1,1,1,1
17,4,5,9,19,1,1,1,1
17,4,6,9,19,1,1,1,1
17,4,7,10,19,1,1,1,1
17,4,8,9,19,1,1,1,1
17,4,9,9,19,1,1,1,1
17,4,10,8,19,1,1,1,1
17,4,11,10,19,1,1,1,1
17,4,12,8,19,1,1,1,1
17,4,13,5,19,1,1,1,1
17,4,14,3,19,1,1,1,1
17,4,15,4,19,1,1,1,1
17,4,16,5,19,1,1,1,1
17,4,17,3,19,1,1,1,1
17,4,18,4,19,1,1,1,1
17,4,19,6,19,1,1,1,1
18,5,1,9,21,1,1,1,3
18,5,2,9,21,1,1,1,3
18,5,3,9,21,1,1,1,3
18,5,4,9,21,1,1,1,3
18,5,5,9,21,1,1,1,3
18,5,6,9,21,1,1,1,3
18,5,7,9,21,1,1,1,3
18,5,8,9,21,1,1,1,3
18,5,9,9,21,1,1,1,3
18,5,10,9,21,1,1,1,3
18,5,11,9,21,1,1,1,3
18,5,12,9,21,1,1,1,3
18,5,13,9,21,1,1,1,3
18,5,14,9,21,1,1,1,3
18,5,15,8,21,1,1,1,3
18,5,16,9,21,1,1,1,3
18,5,17,9,21,1,1,1,3
18,5,18,10,21,1,1,1,3
18,5,19,9,21,1,1,1,3
19,3,1,4,20,1,1,2,3
19,3,2,6,20,1,1,2,3
19,3,3,7,20,1,1,2,3
19,3,4,8,20,1,1,2,3
19,3,5,8,20,1,1,2,3
19,3,6,10,20,1,1,2,3
19,3,7,4,20,1,1,2,3
19,3,8,2,20,1,1,2,3
19,3,9,8,20,1,1,2,3
19,3,10,2,20,1,1,2,3
19,3,11,3,20,1,1,2,3
19,3,12,3,20,1,1,2,3
19,3,13,7,20,1,1,2,3
19,3,14,8,20,1,1,2,3
19,3,15,7,20,1,1,2,3
19,3,16,8,20,1,1,2,3
19,3,17,9,20,1,1,2,3
19,3,18,7,20,1,1,2,3
19,3,19,6,20,1,1,2,3
20,4,1,10,34,1,1,5,4
20,4,2,10,34,1,1,5,4
20,4,3,10,34,1,1,5,4
20,4,4,10,34,1,1,5,4
20,4,5,10,34,1,1,5,4
20,4,6,10,34,1,1,5,4
20,4,7,10,34,1,1,5,4
20,4,8,10,34,1,1,5,4
20,4,9,10,34,1,1,5,4
20,4,10,10,34,1,1,5,4
20,4,11,10,34,1,1,5,4
20,4,12,10,34,1,1,5,4
20,4,13,1,34,1,1,5,4
20,4,14,10,34,1,1,5,4
20,4,15,10,34,1,1,5,4
20,4,16,10,34,1,1,5,4
20,4,17,1,34,1,1,5,4
20,4,18,10,34,1,1,5,4
20,4,19,10,34,1,1,5,4
21,1,1,4,19,1,1,1,2
21,1,2,2,19,1,1,1,2
21,1,3,4,19,1,1,1,2
21,1,4,3,19,1,1,1,2
21,1,5,2,19,1,1,1,2
21,1,6,4,19,1,1,1,2
21,1,7,10,19,1,1,1,2
21,1,8,10,19,1,1,1,2
21,1,9,10,19,1,1,1,2
21,1,10,10,19,1,1,1,2
21,1,11,10,19,1,1,1,2
21,1,12,9,19,1,1,1,2
21,1,13,5,19,1,1,1,2
21,1,14,4,19,1,1,1,2
21,1,15,5,19,1,1,1,2
21,1,16,5,19,1,1,1,2
21,1,17,6,19,1,1,1,2
21,1,18,6,19,1,1,1,2
21,1,19,6,19,1,1,1,2
22,3,1,10,26,1,1,5,4
22,3,2,10,26,1,1,5,4
22,3,3,10,26,1,1,5,4
22,3,4,10,26,1,1,5,4
22,3,5,10,26,1,1,5,4
22,3,6,10,26,1,1,5,4
22,3,7,3,26,1,1,5,4
22,3,8,1,26,1,1,5,4
22,3,9,10,26,1,1,5,4
22,3,10,10,26,1,1,5,4
22,3,11,10,26,1,1,5,4
22,3,12,10,26,1,1,5,4
22,3,13,10,26,1,1,5,4
22,3,14,10,26,1,1,5,4
22,3,15,10,26,1,1,5,4
22,3,16,10,26,1,1,5,4
22,3,17,10,26,1,1,5,4
22,3,18,10,26,1,1,5,4
22,3,19,5,26,1,1,5,4
23,5,1,7,22,1,1,1,4
23,5,2,7,22,1,1,1,4
23,5,3,6,22,1,1,1,4
23,5,4,10,22,1,1,1,4
23,5,5,5,22,1,1,1,4
23,5,6,6,22,1,1,1,4
23,5,7,6,22,1,1,1,4
23,5,8,6,22,1,1,1,4
23,5,9,8,22,1,1,1,4
23,5,10,8,22,1,1,1,4
23,5,11,8,22,1,1,1,4
23,5,12,9,22,1,1,1,4
23,5,13,10,22,1,1,1,4
23,5,14,10,22,1,1,1,4
23,5,15,10,22,1,1,1,4
23,5,16,10,22,1,1,1,4
23,5,17,9,22,1,1,1,4
23,5,18,10,22,1,1,1,4
23,5,19,10,22,1,1,1,4
24,4,1,10,19,1,1,4,2
24,4,2,10,19,1,1,4,2
24,4,3,10,19,1,1,4,2
24,4,4,10,19,1,1,4,2
24,4,5,10,19,1,1,4,2
24,4,6,10,19,1,1,4,2
24,4,7,10,19,1,1,4,2
24,4,8,10,19,1,1,4,2
24,4,9,10,19,1,1,4,2
24,4,10,10,19,1,1,4,2
24,4,11,10,19,1,1,4,2
24,4,12,10,19,1,1,4,2
24,4,13,10,19,1,1,4,2
24,4,14,4,19,1,1,4,2
24,4,15,1,19,1,1,4,2
24,4,16,10,19,1,1,4,2
24,4,17,1,19,1,1,4,2
24,4,18,1,19,1,1,4,2
24,4,19,4,19,1,1,4,2
25,2,1,9,22,1,1,1,4
25,2,2,9,22,1,1,1,4
25,2,3,9,22,1,1,1,4
25,2,4,9,22,1,1,1,4
25,2,5,9,22,1,1,1,4
25,2,6,8,22,1,1,1,4
25,2,7,4,22,1,1,1,4
25,2,8,3,22,1,1,1,4
25,2,9,4,22,1,1,1,4
25,2,10,2,22,1,1,1,4
25,2,11,1,22,1,1,1,4
25,2,12,2,22,1,1,1,4
25,2,13,5,22,1,1,1,4
25,2,14,5,22,1,1,1,4
25,2,15,4,22,1,1,1,4
25,2,16,4,22,1,1,1,4
25,2,17,4,22,1,1,1,4
25,2,18,4,22,1,1,1,4
25,2,19,6,22,1,1,1,4
26,2,1,10,20,1,1,1,2
26,2,2,10,20,1,1,1,2
26,2,3,10,20,1,1,1,2
26,2,4,10,20,1,1,1,2
26,2,5,10,20,1,1,1,2
26,2,6,9,20,1,1,1,2
26,2,7,3,20,1,1,1,2
26,2,8,1,20,1,1,1,2
26,2,9,5,20,1,1,1,2
26,2,10,5,20,1,1,1,2
26,2,11,1,20,1,1,1,2
26,2,12,5,20,1,1,1,2
26,2,13,5,20,1,1,1,2
26,2,14,5,20,1,1,1,2
26,2,15,5,20,1,1,1,2
26,2,16,8,20,1,1,1,2
26,2,17,8,20,1,1,1,2
26,2,18,9,20,1,1,1,2
26,2,19,7,20,1,1,1,2
27,5,1,10,20,1,1,2,3
27,5,2,10,20,1,1,2,3
27,5,3,10,20,1,1,2,3
27,5,4,10,20,1,1,2,3
27,5,5,10,20,1,1,2,3
27,5,6,10,20,1,1,2,3
27,5,7,10,20,1,1,2,3
27,5,8,10,20,1,1,2,3
27,5,9,10,20,1,1,2,3
27,5,10,10,20,1,1,2,3
27,5,11,10,20,1,1,2,3
27,5,12,10,20,1,1,2,3
27,5,13,10,20,1,1,2,3
27,5,14,10,20,1,1,2,3
27,5,15,10,20,1,1,2,3
27,5,16,10,20,1,1,2,3
27,5,17,10,20,1,1,2,3
27,5,18,10,20,1,1,2,3
27,5,19,10,20,1,1,2,3
28,5,1,5,21,1,1,2,4
28,5,2,10,21,1,1,2,4
28,5,3,6,21,1,1,2,4
28,5,4,6,21,1,1,2,4
28,5,5,8,21,1,1,2,4
28,5,6,9,21,1,1,2,4
28,5,7,8,21,1,1,2,4
28,5,8,10,21,1,1,2,4
28,5,9,10,21,1,1,2,4
28,5,10,10,21,1,1,2,4
28,5,11,10,21,1,1,2,4
28,5,12,10,21,1,1,2,4
28,5,13,10,21,1,1,2,4
28,5,14,10,21,1,1,2,4
28,5,15,10,21,1,1,2,4
28,5,16,10,21,1,1,2,4
28,5,17,10,21,1,1,2,4
28,5,18,8,21,1,1,2,4
28,5,19,7,21,1,1,2,4
29,3,1,8,23,1,1,4,2
29,3,2,9,23,1,1,4,2
29,3,3,9,23,1,1,4,2
29,3,4,9,23,1,1,4,2
29,3,5,10,23,1,1,4,2
29,3,6,7,23,1,1,4,2
29,3,7,9,23,1,1,4,2
29,3,8,8,23,1,1,4,2
29,3,9,3,23,1,1,4,2
29,3,10,3,23,1,1,4,2
29,3,11,4,23,1,1,4,2
29,3,12,5,23,1,1,4,2
29,3,13,8,23,1,1,4,2
29,3,14,9,23,1,1,4,2
29,3,15,10,23,1,1,4,2
29,3,16,9,23,1,1,4,2
29,3,17,10,23,1,1,4,2
29,3,18,9,23,1,1,4,2
29,3,19,8,23,1,1,4,2
30,1,1,3,20,1,1,1,2
30,1,2,1,20,1,1,1,2
30,1,3,4,20,1,1,1,2
30,1,4,1,20,1,1,1,2
30,1,5,1,20,1,1,1,2
30,1,6,7,20,1,1,1,2
30,1,7,10,20,1,1,1,2
30,1,8,10,20,1,1,1,2
30,1,9,10,20,1,1,1,2
30,1,10,10,20,1,1,1,2
30,1,11,10,20,1,1,1,2
30,1,12,10,20,1,1,1,2
30,1,13,5,20,1,1,1,2
30,1,14,6,20,1,1,1,2
30,1,15,6,20,1,1,1,2
30,1,16,5,20,1,1,1,2
30,1,17,6,20,1,1,1,2
30,1,18,6,20,1,1,1,2
30,1,19,5,20,1,1,1,2
31,1,1,7,23,1,1,2,4
31,1,2,1,23,1,1,2,4
31,1,3,10,23,1,1,2,4
31,1,4,3,23,1,1,2,4
31,1,5,1,23,1,1,2,4
31,1,6,3,23,1,1,2,4
31,1,7,10,23,1,1,2,4
31,1,8,10,23,1,1,2,4
31,1,9,10,23,1,1,2,4
31,1,10,10,23,1,1,2,4
31,1,11,10,23,1,1,2,4
31,1,12,10,23,1,1,2,4
31,1,13,10,23,1,1,2,4
31,1,14,10,23,1,1,2,4
31,1,15,10,23,1,1,2,4
31,1,16,10,23,1,1,2,4
31,1,17,10,23,1,1,2,4
31,1,18,10,23,1,1,2,4
31,1,19,7,23,1,1,2,4
32,5,1,6,21,1,1,3,4
32,5,2,10,21,1,1,3,4
32,5,3,10,21,1,1,3,4
32,5,4,7,21,1,1,3,4
32,5,5,7,21,1,1,3,4
32,5,6,1,21,1,1,3,4
32,5,7,1,21,1,1,3,4
32,5,8,1,21,1,1,3,4
32,5,9,4,21,1,1,3,4
32,5,10,5,21,1,1,3,4
32,5,11,5,21,1,1,3,4
32,5,12,4,21,1,1,3,4
32,5,13,7,21,1,1,3,4
32,5,14,5,21,1,1,3,4
32,5,15,4,21,1,1,3,4
32,5,16,3,21,1,1,3,4
32,5,17,5,21,1,1,3,4
32,5,18,6,21,1,1,3,4
32,5,19,7,21,1,1,3,4
33,5,1,10,21,1,1,1,3
33,5,2,10,21,1,1,1,3
33,5,3,10,21,1,1,1,3
33,5,4,10,21,1,1,1,3
33,5,5,10,21,1,1,1,3
33,5,6,10,21,1,1,1,3
33,5,7,10,21,1,1,1,3
33,5,8,10,21,1,1,1,3
33,5,9,10,21,1,1,1,3
33,5,10,10,21,1,1,1,3
33,5,11,10,21,1,1,1,3
33,5,12,10,21,1,1,1,3
33,5,13,10,21,1,1,1,3
33,5,14,10,21,1,1,1,3
33,5,15,10,21,1,1,1,3
33,5,16,10,21,1,1,1,3
33,5,17,10,21,1,1,1,3
33,5,18,10,21,1,1,1,3
33,5,19,10,21,1,1,1,3
34,1,1,4,19,1,1,1,2
34,1,2,2,19,1,1,1,2
34,1,3,3,19,1,1,1,2
34,1,4,3,19,1,1,1,2
34,1,5,2,19,1,1,1,2
34,1,6,4,19,1,1,1,2
34,1,7,5,19,1,1,1,2
34,1,8,3,19,1,1,1,2
34,1,9,5,19,1,1,1,2
34,1,10,5,19,1,1,1,2
34,1,11,6,19,1,1,1,2
34,1,12,7,19,1,1,1,2
34,1,13,10,19,1,1,1,2
34,1,14,10,19,1,1,1,2
34,1,15,10,19,1,1,1,2
34,1,16,10,19,1,1,1,2
34,1,17,10,19,1,1,1,2
34,1,18,10,19,1,1,1,2
34,1,19,5,19,1,1,1,2
35,3,1,7,20,1,1,1,2
35,3,2,8,20,1,1,1,2
35,3,3,8,20,1,1,1,2
35,3,4,9,20,1,1,1,2
35,3,5,9,20,1,1,1,2
35,3,6,9,20,1,1,1,2
35,3,7,6,20,1,1,1,2
35,3,8,6,20,1,1,1,2
35,3,9,5,20,1,1,1,2
35,3,10,6,20,1,1,1,2
35,3,11,1,20,1,1,1,2
35,3,12,1,20,1,1,1,2
35,3,13,10,20,1,1,1,2
35,3,14,10,20,1,1,1,2
35,3,15,10,20,1,1,1,2
35,3,16,10,20,1,1,1,2
35,3,17,10,20,1,1,1,2
35,3,18,10,20,1,1,1,2
35,3,19,9,20,1,1,1,2
36,2,1,8,22,1,1,2,5
36,2,2,8,22,1,1,2,5
36,2,3,8,22,1,1,2,5
36,2,4,8,22,1,1,2,5
36,2,5,9,22,1,1,2,5
36,2,6,8,22,1,1,2,5
36,2,7,4,22,1,1,2,5
36,2,8,3,22,1,1,2,5
36,2,9,5,22,1,1,2,5
36,2,10,4,22,1,1,2,5
36,2,11,3,22,1,1,2,5
36,2,12,6,22,1,1,2,5
36,2,13,10,22,1,1,2,5
36,2,14,10,22,1,1,2,5
36,2,15,10,22,1,1,2,5
36,2,16,10,22,1,1,2,5
36,2,17,10,22,1,1,2,5
36,2,18,10,22,1,1,2,5
36,2,19,8,22,1,1,2,5
37,2,1,8,20,1,1,1,2
37,2,2,9,20,1,1,1,2
37,2,3,9,20,1,1,1,2
37,2,4,10,20,1,1,1,2
37,2,5,9,20,1,1,1,2
37,2,6,9,20,1,1,1,2
37,2,7,3,20,1,1,1,2
37,2,8,1,20,1,1,1,2
37,2,9,2,20,1,1,1,2
37,2,10,1,20,1,1,1,2
37,2,11,1,20,1,1,1,2
37,2,12,2,20,1,1,1,2
37,2,13,7,20,1,1,1,2
37,2,14,9,20,1,1,1,2
37,2,15,9,20,1,1,1,2
37,2,16,8,20,1,1,1,2
37,2,17,6,20,1,1,1,2
37,2,18,6,20,1,1,1,2
37,2,19,7,20,1,1,1,2
38,2,1,7,20,1,1,2,2
38,2,2,8,20,1,1,2,2
38,2,3,6,20,1,1,2,2
38,2,4,4,20,1,1,2,2
38,2,5,8,20,1,1,2,2
38,2,6,6,20,1,1,2,2
38,2,7,2,20,1,1,2,2
38,2,8,1,20,1,1,2,2
38,2,9,4,20,1,1,2,2
38,2,10,4,20,1,1,2,2
38,2,11,1,20,1,1,2,2
38,2,12,1,20,1,1,2,2
38,2,13,6,20,1,1,2,2
38,2,14,7,20,1,1,2,2
38,2,15,7,20,1,1,2,2
38,2,16,9,20,1,1,2,2
38,2,17,9,20,1,1,2,2
38,2,18,7,20,1,1,2,2
38,2,19,6,20,1,1,2,2
39,2,1,10,21,1,1,1,3
39,2,2,10,21,1,1,1,3
39,2,3,9,21,1,1,1,3
39,2,4,9,21,1,1,1,3
39,2,5,10,21,1,1,1,3
39,2,6,7,21,1,1,1,3
39,2,7,1,21,1,1,1,3
39,2,8,1,21,1,1,1,3
39,2,9,1,21,1,1,1,3
39,2,10,1,21,1,1,1,3
39,2,11,1,21,1,1,1,3
39,2,12,2,21,1,1,1,3
39,2,13,5,21,1,1,1,3
39,2,14,6,21,1,1,1,3
39,2,15,7,21,1,1,1,3
39,2,16,7,21,1,1,1,3
39,2,17,10,21,1,1,1,3
39,2,18,10,21,1,1,1,3
39,2,19,9,21,1,1,1,3
40,5,1,9,18,1,1,1,1
40,5,2,9,18,1,1,1,1
40,5,3,9,18,1,1,1,1
40,5,4,9,18,1,1,1,1
40,5,5,9,18,1,1,1,1
40,5,6,9,18,1,1,1,1
40,5,7,9,18,1,1,1,1
40,5,8,9,18,1,1,1,1
40,5,9,9,18,1,1,1,1
40,5,10,9,18,1,1,1,1
40,5,11,9,18,1,1,1,1
40,5,12,9,18,1,1,1,1
40,5,13,9,18,1,1,1,1
40,5,14,9,18,1,1,1,1
40,5,15,9,18,1,1,1,1
40,5,16,9,18,1,1,1,1
40,5,17,9,18,1,1,1,1
40,5,18,9,18,1,1,1,1
40,5,19,10,18,1,1,1,1
41,3,1,6,22,1,1,1,4
41,3,2,4,22,1,1,1,4
41,3,3,7,22,1,1,1,4
41,3,4,7,22,1,1,1,4
41,3,5,4,22,1,1,1,4
41,3,6,7,22,1,1,1,4
41,3,7,4,22,1,1,1,4
41,3,8,1,22,1,1,1,4
41,3,9,1,22,1,1,1,4
41,3,10,1,22,1,1,1,4
41,3,11,3,22,1,1,1,4
41,3,12,4,22,1,1,1,4
41,3,13,9,22,1,1,1,4
41,3,14,10,22,1,1,1,4
41,3,15,9,22,1,1,1,4
41,3,16,9,22,1,1,1,4
41,3,17,10,22,1,1,1,4
41,3,18,2,22,1,1,1,4
41,3,19,7,22,1,1,1,4
42,2,1,8,24,1,1,1,1
42,2,2,9,24,1,1,1,1
42,2,3,9,24,1,1,1,1
42,2,4,9,24,1,1,1,1
42,2,5,9,24,1,1,1,1
42,2,6,9,24,1,1,1,1
42,2,7,9,24,1,1,1,1
42,2,8,3,24,1,1,1,1
42,2,9,2,24,1,1,1,1
42,2,10,2,24,1,1,1,1
42,2,11,2,24,1,1,1,1
42,2,12,4,24,1,1,1,1
42,2,13,5,24,1,1,1,1
42,2,14,5,24,1,1,1,1
42,2,15,5,24,1,1,1,1
42,2,16,5,24,1,1,1,1
42,2,17,5,24,1,1,1,1
42,2,18,5,24,1,1,1,1
42,2,19,8,24,1,1,1,1
43,3,1,7,19,1,1,1,1
43,3,2,10,19,1,1,1,1
43,3,3,8,19,1,1,1,1
43,3,4,8,19,1,1,1,1
43,3,5,8,19,1,1,1,1
43,3,6,8,19,1,1,1,1
43,3,7,4,19,1,1,1,1
43,3,8,4,19,1,1,1,1
43,3,9,3,19,1,1,1,1
43,3,10,3,19,1,1,1,1
43,3,11,1,19,1,1,1,1
43,3,12,3,19,1,1,1,1
43,3,13,10,19,1,1,1,1
43,3,14,10,19,1,1,1,1
43,3,15,10,19,1,1,1,1
43,3,16,10,19,1,1,1,1
43,3,17,10,19,1,1,1,1
43,3,18,10,19,1,1,1,1
43,3,19,7,19,1,1,1,1
44,5,1,8,20,1,1,1,2
44,5,2,8,20,1,1,1,2
44,5,3,8,20,1,1,1,2
44,5,4,8,20,1,1,1,2
44,5,5,8,20,1,1,1,2
44,5,6,8,20,1,1,1,2
44,5,7,8,20,1,1,1,2
44,5,8,8,20,1,1,1,2
44,5,9,8,20,1,1,1,2
44,5,10,8,20,1,1,1,2
44,5,11,8,20,1,1,1,2
44,5,12,8,20,1,1,1,2
44,5,13,8,20,1,1,1,2
44,5,14,8,20,1,1,1,2
44,5,15,8,20,1,1,1,2
44,5,16,8,20,1,1,1,2
44,5,17,8,20,1,1,1,2
44,5,18,8,20,1,1,1,2
44,5,19,9,20,1,1,1,2
45,4,1,9,21,1,1,1,4
45,4,2,9,21,1,1,1,4
45,4,3,9,21,1,1,1,4
45,4,4,9,21,1,1,1,4
45,4,5,9,21,1,1,1,4
45,4,6,9,21,1,1,1,4
45,4,7,10,21,1,1,1,4
45,4,8,10,21,1,1,1,4
45,4,9,10,21,1,1,1,4
45,4,10,10,21,1,1,1,4
45,4,11,10,21,1,1,1,4
45,4,12,10,21,1,1,1,4
45,4,13,3,21,1,1,1,4
45,4,14,1,21,1,1,1,4
45,4,15,6,21,1,1,1,4
45,4,16,1,21,1,1,1,4
45,4,17,1,21,1,1,1,4
45,4,18,6,21,1,1,1,4
45,4,19,6,21,1,1,1,4
46,2,1,10,18,1,1,1,1
46,2,2,10,18,1,1,1,1
46,2,3,10,18,1,1,1,1
46,2,4,10,18,1,1,1,1
46,2,5,10,18,1,1,1,1
46,2,6,10,18,1,1,1,1
46,2,7,6,18,1,1,1,1
46,2,8,2,18,1,1,1,1
46,2,9,6,18,1,1,1,1
46,2,10,7,18,1,1,1,1
46,2,11,4,18,1,1,1,1
46,2,12,8,18,1,1,1,1
46,2,13,10,18,1,1,1,1
46,2,14,10,18,1,1,1,1
46,2,15,10,18,1,1,1,1
46,2,16,10,18,1,1,1,1
46,2,17,10,18,1,1,1,1
46,2,18,10,18,1,1,1,1
46,2,19,9,18,1,1,1,1
47,2,1,10,21,1,1,1,3
47,2,2,10,21,1,1,1,3
47,2,3,10,21,1,1,1,3
47,2,4,10,21,1,1,1,3
47,2,5,10,21,1,1,1,3
47,2,6,10,21,1,1,1,3
47,2,7,8,21,1,1,1,3
47,2,8,2,21,1,1,1,3
47,2,9,1,21,1,1,1,3
47,2,10,1,21,1,1,1,3
47,2,11,10,21,1,1,1,3
47,2,12,2,21,1,1,1,3
47,2,13,9,21,1,1,1,3
47,2,14,9,21,1,1,1,3
47,2,15,9,21,1,1,1,3
47,2,16,9,21,1,1,1,3
47,2,17,9,21,1,1,1,3
47,2,18,9,21,1,1,1,3
47,2,19,8,21,1,1,1,3
48,2,1,8,22,1,1,1,4
48,2,2,8,22,1,1,1,4
48,2,3,8,22,1,1,1,4
48,2,4,8,22,1,1,1,4
48,2,5,8,22,1,1,1,4
48,2,6,8,22,1,1,1,4
48,2,7,7,22,1,1,1,4
48,2,8,7,22,1,1,1,4
48,2,9,7,22,1,1,1,4
48,2,10,7,22,1,1,1,4
48,2,11,6,22,1,1,1,4
48,2,12,8,22,1,1,1,4
48,2,13,10,22,1,1,1,4
48,2,14,10,22,1,1,1,4
48,2,15,10,22,1,1,1,4
48,2,16,10,22,1,1,1,4
48,2,17,10,22,1,1,1,4
48,2,18,10,22,1,1,1,4
48,2,19,9,22,1,1,1,4
49,3,1,10,22,1,1,1,4
49,3,2,10,22,1,1,1,4
49,3,3,10,22,1,1,1,4
49,3,4,10,22,1,1,1,4
49,3,5,10,22,1,1,1,4
49,3,6,10,22,1,1,1,4
49,3,7,1,22,1,1,1,4
49,3,8,1,22,1,1,1,4
49,3,9,5,22,1,1,1,4
49,3,10,10,22,1,1,1,4
49,3,11,10,22,1,1,1,4
49,3,12,10,22,1,1,1,4
49,3,13,10,22,1,1,1,4
49,3,14,10,22,1,1,1,4
49,3,15,10,22,1,1,1,4
49,3,16,10,22,1,1,1,4
49,3,17,10,22,1,1,1,4
49,3,18,10,22,1,1,1,4
49,3,19,4,22,1,1,1,4
50,4,1,10,19,1,1,2,2
50,4,2,10,19,1,1,2,2
50,4,3,5,19,1,1,2,2
50,4,4,10,19,1,1,2,2
50,4,5,9,19,1,1,2,2
50,4,6,10,19,1,1,2,2
50,4,7,10,19,1,1,2,2
50,4,8,10,19,1,1,2,2
50,4,9,10,19,1,1,2,2
50,4,10,10,19,1,1,2,2
50,4,11,10,19,1,1,2,2
50,4,12,10,19,1,1,2,2
50,4,13,10,19,1,1,2,2
50,4,14,3,19,1,1,2,2
50,4,15,1,19,1,1,2,2
50,4,16,5,19,1,1,2,2
50,4,17,1,19,1,1,2,2
50,4,18,1,19,1,1,2,2
50,4,19,5,19,1,1,2,2
51,2,1,10,18,1,1,2,1
51,2,2,10,18,1,1,2,1
51,2,3,10,18,1,1,2,1
51,2,4,10,18,1,1,2,1
51,2,5,10,18,1,1,2,1
51,2,6,10,18,1,1,2,1
51,2,7,2,18,1,1,2,1
51,2,8,5,18,1,1,2,1
51,2,9,5,18,1,1,2,1
51,2,10,5,18,1,1,2,1
51,2,11,1,18,1,1,2,1
51,2,12,7,18,1,1,2,1
51,2,13,10,18,1,1,2,1
51,2,14,10,18,1,1,2,1
51,2,15,10,18,1,1,2,1
51,2,16,10,18,1,1,2,1
51,2,17,10,18,1,1,2,1
51,2,18,10,18,1,1,2,1
51,2,19,7,18,1,1,2,1
52,5,1,10,20,1,1,1,2
52,5,2,10,20,1,1,1,2
52,5,3,10,20,1,1,1,2
52,5,4,10,20,1,1,1,2
52,5,5,9,20,1,1,1,2
52,5,6,9,20,1,1,1,2
52,5,7,10,20,1,1,1,2
52,5,8,10,20,1,1,1,2
52,5,9,10,20,1,1,1,2
52,5,10,10,20,1,1,1,2
52,5,11,10,20,1,1,1,2
52,5,12,10,20,1,1,1,2
52,5,13,10,20,1,1,1,2
52,5,14,10,20,1,1,1,2
52,5,15,10,20,1,1,1,2
52,5,16,10,20,1,1,1,2
52,5,17,10,20,1,1,1,2
52,5,18,10,20,1,1,1,2
52,5,19,10,20,1,1,1,2
53,4,1,8,19,1,1,1,2
53,4,2,8,19,1,1,1,2
53,4,3,7,19,1,1,1,2
53,4,4,9,19,1,1,1,2
53,4,5,7,19,1,1,1,2
53,4,6,8,19,1,1,1,2
53,4,7,9,19,1,1,1,2
53,4,8,10,19,1,1,1,2
53,4,9,10,19,1,1,1,2
53,4,10,10,19,1,1,1,2
53,4,11,9,19,1,1,1,2
53,4,12,9,19,1,1,1,2
53,4,13,4,19,1,1,1,2
53,4,14,1,19,1,1,1,2
53,4,15,1,19,1,1,1,2
53,4,16,10,19,1,1,1,2
53,4,17,1,19,1,1,1,2
53,4,18,2,19,1,1,1,2
53,4,19,8,19,1,1,1,2
57,1,1,8,18,1,1,1,1
57,1,2,2,18,1,1,1,1
57,1,3,3,18,1,1,1,1
57,1,4,2,18,1,1,1,1
57,1,5,1,18,1,1,1,1
57,1,6,10,18,1,1,1,1
57,1,7,6,18,1,1,1,1
57,1,8,7,18,1,1,1,1
57,1,9,10,18,1,1,1,1
57,1,10,10,18,1,1,1,1
57,1,11,10,18,1,1,1,1
57,1,12,10,18,1,1,1,1
57,1,13,10,18,1,1,1,1
57,1,14,10,18,1,1,1,1
57,1,15,10,18,1,1,1,1
57,1,16,10,18,1,1,1,1
57,1,17,10,18,1,1,1,1
57,1,18,10,18,1,1,1,1
57,1,19,8,18,1,1,1,1
58,5,1,7,20,1,1,1,2
58,5,2,10,20,1,1,1,2
58,5,3,10,20,1,1,1,2
58,5,4,10,20,1,1,1,2
58,5,5,10,20,1,1,1,2
58,5,6,7,20,1,1,1,2
58,5,7,7,20,1,1,1,2
58,5,8,6,20,1,1,1,2
58,5,9,9,20,1,1,1,2
58,5,10,7,20,1,1,1,2
58,5,11,3,20,1,1,1,2
58,5,12,3,20,1,1,1,2
58,5,13,3,20,1,1,1,2
58,5,14,3,20,1,1,1,2
58,5,15,3,20,1,1,1,2
58,5,16,2,20,1,1,1,2
58,5,17,3,20,1,1,1,2
58,5,18,2,20,1,1,1,2
58,5,19,3,20,1,1,1,2
59,2,1,8,18,1,1,1,1
59,2,2,9,18,1,1,1,1
59,2,3,9,18,1,1,1,1
59,2,4,10,18,1,1,1,1
59,2,5,10,18,1,1,1,1
59,2,6,9,18,1,1,1,1
59,2,7,5,18,1,1,1,1
59,2,8,7,18,1,1,1,1
59,2,9,2,18,1,1,1,1
59,2,10,3,18,1,1,1,1
59,2,11,10,18,1,1,1,1
59,2,12,5,18,1,1,1,1
59,2,13,8,18,1,1,1,1
59,2,14,8,18,1,1,1,1
59,2,15,9,18,1,1,1,1
59,2,16,9,18,1,1,1,1
59,2,17,9,18,1,1,1,1
59,2,18,7,18,1,1,1,1
59,2,19,7,18,1,1,1,1
60,2,1,10,20,1,1,5,3
60,2,2,10,20,1,1,5,3
60,2,3,10,20,1,1,5,3
60,2,4,10,20,1,1,5,3
60,2,5,10,20,1,1,5,3
60,2,6,9,20,1,1,5,3
60,2,7,7,20,1,1,5,3
60,2,8,6,20,1,1,5,3
60,2,9,6,20,1,1,5,3
60,2,10,4,20,1,1,5,3
60,2,11,5,20,1,1,5,3
60,2,12,7,20,1,1,5,3
60,2,13,8,20,1,1,5,3
60,2,14,8,20,1,1,5,3
60,2,15,8,20,1,1,5,3
60,2,16,9,20,1,1,5,3
60,2,17,7,20,1,1,5,3
60,2,18,8,20,1,1,5,3
60,2,19,7,20,1,1,5,3
61,3,1,10,18,1,1,1,1
61,3,2,10,18,1,1,1,1
61,3,3,10,18,1,1,1,1
61,3,4,10,18,1,1,1,1
61,3,5,10,18,1,1,1,1
61,3,6,10,18,1,1,1,1
61,3,7,6,18,1,1,1,1
61,3,8,4,18,1,1,1,1
61,3,9,5,18,1,1,1,1
61,3,10,6,18,1,1,1,1
61,3,11,4,18,1,1,1,1
61,3,12,4,18,1,1,1,1
61,3,13,10,18,1,1,1,1
61,3,14,10,18,1,1,1,1
61,3,15,10,18,1,1,1,1
61,3,16,10,18,1,1,1,1
61,3,17,10,18,1,1,1,1
61,3,18,7,18,1,1,1,1
61,3,19,7,18,1,1,1,1
62,3,1,8,19,1,1,1,2
62,3,2,9,19,1,1,1,2
62,3,3,9,19,1,1,1,2
62,3,4,10,19,1,1,1,2
62,3,5,9,19,1,1,1,2
62,3,6,10,19,1,1,1,2
62,3,7,6,19,1,1,1,2
62,3,8,4,19,1,1,1,2
62,3,9,3,19,1,1,1,2
62,3,10,2,19,1,1,1,2
62,3,11,1,19,1,1,1,2
62,3,12,5,19,1,1,1,2
62,3,13,10,19,1,1,1,2
62,3,14,10,19,1,1,1,2
62,3,15,10,19,1,1,1,2
62,3,16,10,19,1,1,1,2
62,3,17,10,19,1,1,1,2
62,3,18,10,19,1,1,1,2
62,3,19,7,19,1,1,1,2
63,5,1,10,17,1,1,1,1
63,5,2,10,17,1,1,1,1
63,5,3,10,17,1,1,1,1
63,5,4,10,17,1,1,1,1
63,5,5,10,17,1,1,1,1
63,5,6,10,17,1,1,1,1
63,5,7,10,17,1,1,1,1
63,5,8,10,17,1,1,1,1
63,5,9,10,17,1,1,1,1
63,5,10,10,17,1,1,1,1
63,5,11,10,17,1,1,1,1
63,5,12,10,17,1,1,1,1
63,5,13,10,17,1,1,1,1
63,5,14,10,17,1,1,1,1
63,5,15,10,17,1,1,1,1
63,5,16,10,17,1,1,1,1
63,5,17,10,17,1,1,1,1
63,5,18,10,17,1,1,1,1
63,5,19,10,17,1,1,1,1
64,1,1,8,19,1,1,1,2
64,1,2,2,19,1,1,1,2
64,1,3,6,19,1,1,1,2
64,1,4,7,19,1,1,1,2
64,1,5,3,19,1,1,1,2
64,1,6,8,19,1,1,1,2
64,1,7,10,19,1,1,1,2
64,1,8,10,19,1,1,1,2
64,1,9,10,19,1,1,1,2
64,1,10,10,19,1,1,1,2
64,1,11,10,19,1,1,1,2
64,1,12,10,19,1,1,1,2
64,1,13,10,19,1,1,1,2
64,1,14,10,19,1,1,1,2
64,1,15,10,19,1,1,1,2
64,1,16,10,19,1,1,1,2
64,1,17,10,19,1,1,1,2
64,1,18,10,19,1,1,1,2
64,1,19,10,19,1,1,1,2
65,5,1,10,20,1,1,2,2
65,5,2,9,20,1,1,2,2
65,5,3,9,20,1,1,2,2
65,5,4,4,20,1,1,2,2
65,5,5,3,20,1,1,2,2
65,5,6,5,20,1,1,2,2
65,5,7,9,20,1,1,2,2
65,5,8,8,20,1,1,2,2
65,5,9,8,20,1,1,2,2
65,5,10,7,20,1,1,2,2
65,5,11,6,20,1,1,2,2
65,5,12,8,20,1,1,2,2
65,5,13,8,20,1,1,2,2
65,5,14,7,20,1,1,2,2
65,5,15,6,20,1,1,2,2
65,5,16,3,20,1,1,2,2
65,5,17,7,20,1,1,2,2
65,5,18,5,20,1,1,2,2
65,5,19,10,20,1,1,2,2
66,4,1,10,19,1,1,1,2
66,4,2,10,19,1,1,1,2
66,4,3,10,19,1,1,1,2
66,4,4,8,19,1,1,1,2
66,4,5,9,19,1,1,1,2
66,4,6,10,19,1,1,1,2
66,4,7,10,19,1,1,1,2
66,4,8,10,19,1,1,1,2
66,4,9,10,19,1,1,1,2
66,4,10,10,19,1,1,1,2
66,4,11,10,19,1,1,1,2
66,4,12,10,19,1,1,1,2
66,4,13,8,19,1,1,1,2
66,4,14,6,19,1,1,1,2
66,4,15,6,19,1,1,1,2
66,4,16,6,19,1,1,1,2
66,4,17,1,19,1,1,1,2
66,4,18,10,19,1,1,1,2
66,4,19,8,19,1,1,1,2
67,1,1,4,19,1,1,1,2
67,1,2,1,19,1,1,1,2
67,1,3,2,19,1,1,1,2
67,1,4,3,19,1,1,1,2
67,1,5,1,19,1,1,1,2
67,1,6,7,19,1,1,1,2
67,1,7,10,19,1,1,1,2
67,1,8,10,19,1,1,1,2
67,1,9,10,19,1,1,1,2
67,1,10,10,19,1,1,1,2
67,1,11,10,19,1,1,1,2
67,1,12,10,19,1,1,1,2
67,1,13,9,19,1,1,1,2
67,1,14,8,19,1,1,1,2
67,1,15,10,19,1,1,1,2
67,1,16,10,19,1,1,1,2
67,1,17,9,19,1,1,1,2
67,1,18,10,19,1,1,1,2
67,1,19,7,19,1,1,1,2
68,3,1,7,21,1,1,1,3
68,3,2,7,21,1,1,1,3
68,3,3,7,21,1,1,1,3
68,3,4,8,21,1,1,1,3
68,3,5,8,21,1,1,1,3
68,3,6,9,21,1,1,1,3
68,3,7,6,21,1,1,1,3
68,3,8,4,21,1,1,1,3
68,3,9,4,21,1,1,1,3
68,3,10,3,21,1,1,1,3
68,3,11,3,21,1,1,1,3
68,3,12,3,21,1,1,1,3
68,3,13,9,21,1,1,1,3
68,3,14,9,21,1,1,1,3
68,3,15,9,21,1,1,1,3
68,3,16,9,21,1,1,1,3
68,3,17,9,21,1,1,1,3
68,3,18,8,21,1,1,1,3
68,3,19,7,21,1,1,1,3
69,1,1,7,18,1,1,1,1
69,1,2,4,18,1,1,1,1
69,1,3,5,18,1,1,1,1
69,1,4,4,18,1,1,1,1
69,1,5,1,18,1,1,1,1
69,1,6,5,18,1,1,1,1
69,1,7,9,18,1,1,1,1
69,1,8,10,18,1,1,1,1
69,1,9,9,18,1,1,1,1
69,1,10,10,18,1,1,1,1
69,1,11,10,18,1,1,1,1
69,1,12,9,18,1,1,1,1
69,1,13,5,18,1,1,1,1
69,1,14,5,18,1,1,1,1
69,1,15,5,18,1,1,1,1
69,1,16,5,18,1,1,1,1
69,1,17,4,18,1,1,1,1
69,1,18,5,18,1,1,1,1
69,1,19,6,18,1,1,1,1
70,4,1,10,22,1,1,1,4
70,4,2,10,22,1,1,1,4
70,4,3,10,22,1,1,1,4
70,4,4,10,22,1,1,1,4
70,4,5,10,22,1,1,1,4
70,4,6,10,22,1,1,1,4
70,4,7,10,22,1,1,1,4
70,4,8,10,22,1,1,1,4
70,4,9,10,22,1,1,1,4
70,4,10,10,22,1,1,1,4
70,4,11,10,22,1,1,1,4
70,4,12,8,22,1,1,1,4
70,4,13,3,22,1,1,1,4
70,4,14,2,22,1,1,1,4
70,4,15,1,22,1,1,1,4
70,4,16,2,22,1,1,1,4
70,4,17,1,22,1,1,1,4
70,4,18,3,22,1,1,1,4
70,4,19,6,22,1,1,1,4
71,2,1,10,20,1,1,1,3
71,2,2,10,20,1,1,1,3
71,2,3,10,20,1,1,1,3
71,2,4,10,20,1,1,1,3
71,2,5,9,20,1,1,1,3
71,2,6,8,20,1,1,1,3
71,2,7,7,20,1,1,1,3
71,2,8,3,20,1,1,1,3
71,2,9,4,20,1,1,1,3
71,2,10,3,20,1,1,1,3
71,2,11,2,20,1,1,1,3
71,2,12,4,20,1,1,1,3
71,2,13,8,20,1,1,1,3
71,2,14,7,20,1,1,1,3
71,2,15,7,20,1,1,1,3
71,2,16,8,20,1,1,1,3
71,2,17,8,20,1,1,1,3
71,2,18,8,20,1,1,1,3
71,2,19,8,20,1,1,1,3
72,4,1,7,18,1,1,1,1
72,4,2,8,18,1,1,1,1
72,4,3,7,18,1,1,1,1
72,4,4,8,18,1,1,1,1
72,4,5,8,18,1,1,1,1
72,4,6,9,18,1,1,1,1
72,4,7,9,18,1,1,1,1
72,4,8,9,18,1,1,1,1
72,4,9,9,18,1,1,1,1
72,4,10,8,18,1,1,1,1
72,4,11,9,18,1,1,1,1
72,4,12,9,18,1,1,1,1
72,4,13,6,18,1,1,1,1
72,4,14,4,18,1,1,1,1
72,4,15,4,18,1,1,1,1
72,4,16,2,18,1,1,1,1
72,4,17,4,18,1,1,1,1
72,4,18,6,18,1,1,1,1
72,4,19,8,18,1,1,1,1
73,5,1,10,20,1,1,1,3
73,5,2,10,20,1,1,1,3
73,5,3,10,20,1,1,1,3
73,5,4,10,20,1,1,1,3
73,5,5,10,20,1,1,1,3
73,5,6,10,20,1,1,1,3
73,5,7,10,20,1,1,1,3
73,5,8,10,20,1,1,1,3
73,5,9,10,20,1,1,1,3
73,5,10,10,20,1,1,1,3
73,5,11,10,20,1,1,1,3
73,5,12,10,20,1,1,1,3
73,5,13,10,20,1,1,1,3
73,5,14,10,20,1,1,1,3
73,5,15,10,20,1,1,1,3
73,5,16,10,20,1,1,1,3
73,5,17,10,20,1,1,1,3
73,5,18,10,20,1,1,1,3
73,5,19,10,20,1,1,1,3
74,1,1,8,21,1,1,1,3
74,1,2,7,21,1,1,1,3
74,1,3,8,21,1,1,1,3
74,1,4,8,21,1,1,1,3
74,1,5,7,21,1,1,1,3
74,1,6,9,21,1,1,1,3
74,1,7,10,21,1,1,1,3
74,1,8,10,21,1,1,1,3
74,1,9,10,21,1,1,1,3
74,1,10,10,21,1,1,1,3
74,1,11,10,21,1,1,1,3
74,1,12,10,21,1,1,1,3
74,1,13,10,21,1,1,1,3
74,1,14,10,21,1,1,1,3
74,1,15,10,21,1,1,1,3
74,1,16,10,21,1,1,1,3
74,1,17,10,21,1,1,1,3
74,1,18,10,21,1,1,1,3
74,1,19,9,21,1,1,1,3
75,3,1,6,19,1,1,1,2
75,3,2,6,19,1,1,1,2
75,3,3,6,19,1,1,1,2
75,3,4,7,19,1,1,1,2
75,3,5,7,19,1,1,1,2
75,3,6,6,19,1,1,1,2
75,3,7,4,19,1,1,1,2
75,3,8,2,19,1,1,1,2
75,3,9,4,19,1,1,1,2
75,3,10,4,19,1,1,1,2
75,3,11,1,19,1,1,1,2
75,3,12,5,19,1,1,1,2
75,3,13,8,19,1,1,1,2
75,3,14,10,19,1,1,1,2
75,3,15,10,19,1,1,1,2
75,3,16,10,19,1,1,1,2
75,3,17,10,19,1,1,1,2
75,3,18,10,19,1,1,1,2
75,3,19,7,19,1,1,1,2
76,4,1,10,18,1,1,1,1
76,4,2,10,18,1,1,1,1
76,4,3,10,18,1,1,1,1
76,4,4,10,18,1,1,1,1
76,4,5,10,18,1,1,1,1
76,4,6,10,18,1,1,1,1
76,4,7,10,18,1,1,1,1
76,4,8,10,18,1,1,1,1
76,4,9,10,18,1,1,1,1
76,4,10,10,18,1,1,1,1
76,4,11,10,18,1,1,1,1
76,4,12,10,18,1,1,1,1
76,4,13,4,18,1,1,1,1
76,4,14,3,18,1,1,1,1
76,4,15,2,18,1,1,1,1
76,4,16,10,18,1,1,1,1
76,4,17,10,18,1,1,1,1
76,4,18,8,18,1,1,1,1
76,4,19,10,18,1,1,1,1
77,1,1,4,23,1,1,5,3
77,1,2,3,23,1,1,5,3
77,1,3,4,23,1,1,5,3
77,1,4,4,23,1,1,5,3
77,1,5,1,23,1,1,5,3
77,1,6,6,23,1,1,5,3
77,1,7,9,23,1,1,5,3
77,1,8,10,23,1,1,5,3
77,1,9,10,23,1,1,5,3
77,1,10,10,23,1,1,5,3
77,1,11,10,23,1,1,5,3
77,1,12,10,23,1,1,5,3
77,1,13,10,23,1,1,5,3
77,1,14,10,23,1,1,5,3
77,1,15,10,23,1,1,5,3
77,1,16,10,23,1,1,5,3
77,1,17,10,23,1,1,5,3
77,1,18,10,23,1,1,5,3
77,1,19,7,23,1,1,5,3
78,4,1,10,18,1,1,3,1
78,4,2,10,18,1,1,3,1
78,4,3,10,18,1,1,3,1
78,4,4,10,18,1,1,3,1
78,4,5,10,18,1,1,3,1
78,4,6,10,18,1,1,3,1
78,4,7,10,18,1,1,3,1
78,4,8,10,18,1,1,3,1
78,4,9,10,18,1,1,3,1
78,4,10,10,18,1,1,3,1
78,4,11,10,18,1,1,3,1
78,4,12,9,18,1,1,3,1
78,4,13,8,18,1,1,3,1
78,4,14,2,18,1,1,3,1
78,4,15,2,18,1,1,3,1
78,4,16,1,18,1,1,3,1
78,4,17,1,18,1,1,3,1
78,4,18,1,18,1,1,3,1
78,4,19,7,18,1,1,3,1
79,1,1,8,19,1,1,1,2
79,1,2,1,19,1,1,1,2
79,1,3,5,19,1,1,1,2
79,1,4,7,19,1,1,1,2
79,1,5,3,19,1,1,1,2
79,1,6,8,19,1,1,1,2
79,1,7,10,19,1,1,1,2
79,1,8,10,19,1,1,1,2
79,1,9,9,19,1,1,1,2
79,1,10,9,19,1,1,1,2
79,1,11,10,19,1,1,1,2
79,1,12,9,19,1,1,1,2
79,1,13,10,19,1,1,1,2
79,1,14,9,19,1,1,1,2
79,1,15,10,19,1,1,1,2
79,1,16,9,19,1,1,1,2
79,1,17,10,19,1,1,1,2
79,1,18,10,19,1,1,1,2
79,1,19,8,19,1,1,1,2
80,5,1,7,18,1,1,1,1
80,5,2,7,18,1,1,1,1
80,5,3,8,18,1,1,1,1
80,5,4,8,18,1,1,1,1
80,5,5,8,18,1,1,1,1
80,5,6,9,18,1,1,1,1
80,5,7,9,18,1,1,1,1
80,5,8,8,18,1,1,1,1
80,5,9,7,18,1,1,1,1
80,5,10,8,18,1,1,1,1
80,5,11,8,18,1,1,1,1
80,5,12,8,18,1,1,1,1
80,5,13,8,18,1,1,1,1
80,5,14,8,18,1,1,1,1
80,5,15,8,18,1,1,1,1
80,5,16,7,18,1,1,1,1
80,5,17,6,18,1,1,1,1
80,5,18,6,18,1,1,1,1
80,5,19,7,18,1,1,1,1
102,4,1,10,20,2,2,1,3
102,4,2,9,20,2,2,1,3
102,4,3,10,20,2,2,1,3
102,4,4,10,20,2,2,1,3
102,4,5,10,20,2,2,1,3
102,4,6,10,20,2,2,1,3
102,4,7,10,20,2,2,1,3
102,4,8,10,20,2,2,1,3
102,4,9,10,20,2,2,1,3
102,4,10,10,20,2,2,1,3
102,4,11,10,20,2,2,1,3
102,4,12,9,20,2,2,1,3
102,4,13,1,20,2,2,1,3
102,4,14,1,20,2,2,1,3
102,4,15,10,20,2,2,1,3
102,4,16,1,20,2,2,1,3
102,4,17,1,20,2,2,1,3
102,4,18,1,20,2,2,1,3
102,4,19,5,20,2,2,1,3
103,5,1,6,19,2,2,1,2
103,5,2,7,19,2,2,1,2
103,5,3,9,19,2,2,1,2
103,5,4,10,19,2,2,1,2
103,5,5,10,19,2,2,1,2
103,5,6,10,19,2,2,1,2
103,5,7,10,19,2,2,1,2
103,5,8,10,19,2,2,1,2
103,5,9,10,19,2,2,1,2
103,5,10,9,19,2,2,1,2
103,5,11,10,19,2,2,1,2
103,5,12,10,19,2,2,1,2
103,5,13,10,19,2,2,1,2
103,5,14,8,19,2,2,1,2
103,5,15,10,19,2,2,1,2
103,5,16,10,19,2,2,1,2
103,5,17,10,19,2,2,1,2
103,5,18,10,19,2,2,1,2
103,5,19,9,19,2,2,1,2
104,3,1,10,20,2,2,1,3
104,3,2,10,20,2,2,1,3
104,3,3,10,20,2,2,1,3
104,3,4,10,20,2,2,1,3
104,3,5,10,20,2,2,1,3
104,3,6,10,20,2,2,1,3
104,3,7,7,20,2,2,1,3
104,3,8,4,20,2,2,1,3
104,3,9,3,20,2,2,1,3
104,3,10,5,20,2,2,1,3
104,3,11,3,20,2,2,1,3
104,3,12,5,20,2,2,1,3
104,3,13,10,20,2,2,1,3
104,3,14,10,20,2,2,1,3
104,3,15,10,20,2,2,1,3
104,3,16,10,20,2,2,1,3
104,3,17,10,20,2,2,1,3
104,3,18,10,20,2,2,1,3
104,3,19,7,20,2,2,1,3
105,2,1,7,22,2,2,3,4
105,2,2,7,22,2,2,3,4
105,2,3,7,22,2,2,3,4
105,2,4,4,22,2,2,3,4
105,2,5,6,22,2,2,3,4
105,2,6,5,22,2,2,3,4
105,2,7,4,22,2,2,3,4
105,2,8,3,22,2,2,3,4
105,2,9,5,22,2,2,3,4
105,2,10,5,22,2,2,3,4
105,2,11,5,22,2,2,3,4
105,2,12,6,22,2,2,3,4
105,2,13,10,22,2,2,3,4
105,2,14,10,22,2,2,3,4
105,2,15,10,22,2,2,3,4
105,2,16,10,22,2,2,3,4
105,2,17,10,22,2,2,3,4
105,2,18,10,22,2,2,3,4
105,2,19,7,22,2,2,3,4
106,1,1,4,22,2,2,1,4
106,1,2,3,22,2,2,1,4
106,1,3,3,22,2,2,1,4
106,1,4,3,22,2,2,1,4
106,1,5,1,22,2,2,1,4
106,1,6,4,22,2,2,1,4
106,1,7,7,22,2,2,1,4
106,1,8,9,22,2,2,1,4
106,1,9,10,22,2,2,1,4
106,1,10,10,22,2,2,1,4
106,1,11,10,22,2,2,1,4
106,1,12,10,22,2,2,1,4
106,1,13,10,22,2,2,1,4
106,1,14,10,22,2,2,1,4
106,1,15,10,22,2,2,1,4
106,1,16,10,22,2,2,1,4
106,1,17,10,22,2,2,1,4
106,1,18,10,22,2,2,1,4
106,1,19,6,22,2,2,1,4
107,5,1,10,21,2,2,1,3
107,5,2,10,21,2,2,1,3
107,5,3,10,21,2,2,1,3
107,5,4,10,21,2,2,1,3
107,5,5,10,21,2,2,1,3
107,5,6,10,21,2,2,1,3
107,5,7,10,21,2,2,1,3
107,5,8,10,21,2,2,1,3
107,5,9,10,21,2,2,1,3
107,5,10,10,21,2,2,1,3
107,5,11,10,21,2,2,1,3
107,5,12,10,21,2,2,1,3
107,5,13,10,21,2,2,1,3
107,5,14,10,21,2,2,1,3
107,5,15,10,21,2,2,1,3
107,5,16,10,21,2,2,1,3
107,5,17,10,21,2,2,1,3
107,5,18,10,21,2,2,1,3
107,5,19,10,21,2,2,1,3
108,4,1,5,20,2,2,1,2
108,4,2,7,20,2,2,1,2
108,4,3,10,20,2,2,1,2
108,4,4,10,20,2,2,1,2
108,4,5,10,20,2,2,1,2
108,4,6,10,20,2,2,1,2
108,4,7,10,20,2,2,1,2
108,4,8,10,20,2,2,1,2
108,4,9,10,20,2,2,1,2
108,4,10,10,20,2,2,1,2
108,4,11,10,20,2,2,1,2
108,4,12,10,20,2,2,1,2
108,4,13,4,20,2,2,1,2
108,4,14,1,20,2,2,1,2
108,4,15,3,20,2,2,1,2
108,4,16,4,20,2,2,1,2
108,4,17,10,20,2,2,1,2
108,4,18,3,20,2,2,1,2
108,4,19,5,20,2,2,1,2
109,4,1,5,19,2,2,3,2
109,4,2,8,19,2,2,3,2
109,4,3,8,19,2,2,3,2
109,4,4,7,19,2,2,3,2
109,4,5,7,19,2,2,3,2
109,4,6,7,19,2,2,3,2
109,4,7,8,19,2,2,3,2
109,4,8,8,19,2,2,3,2
109,4,9,8,19,2,2,3,2
109,4,10,8,19,2,2,3,2
109,4,11,8,19,2,2,3,2
109,4,12,8,19,2,2,3,2
109,4,13,3,19,2,2,3,2
109,4,14,1,19,2,2,3,2
109,4,15,2,19,2,2,3,2
109,4,16,1,19,2,2,3,2
109,4,17,1,19,2,2,3,2
109,4,18,1,19,2,2,3,2
109,4,19,6,19,2,2,3,2
110,3,1,8,18,2,2,1,1
110,3,2,7,18,2,2,1,1
110,3,3,7,18,2,2,1,1
110,3,4,7,18,2,2,1,1
110,3,5,8,18,2,2,1,1
110,3,6,6,18,2,2,1,1
110,3,7,4,18,2,2,1,1
110,3,8,2,18,2,2,1,1
110,3,9,2,18,2,2,1,1
110,3,10,2,18,2,2,1,1
110,3,11,1,18,2,2,1,1
110,3,12,3,18,2,2,1,1
110,3,13,8,18,2,2,1,1
110,3,14,9,18,2,2,1,1
110,3,15,10,18,2,2,1,1
110,3,16,10,18,2,2,1,1
110,3,17,10,18,2,2,1,1
110,3,18,9,18,2,2,1,1
110,3,19,5,18,2,2,1,1
111,4,1,8,19,2,2,1,1
111,4,2,10,19,2,2,1,1
111,4,3,10,19,2,2,1,1
111,4,4,10,19,2,2,1,1
111,4,5,10,19,2,2,1,1
111,4,6,10,19,2,2,1,1
111,4,7,10,19,2,2,1,1
111,4,8,9,19,2,2,1,1
111,4,9,9,19,2,2,1,1
111,4,10,10,19,2,2,1,1
111,4,11,10,19,2,2,1,1
111,4,12,8,19,2,2,1,1
111,4,13,4,19,2,2,1,1
111,4,14,3,19,2,2,1,1
111,4,15,4,19,2,2,1,1
111,4,16,5,19,2,2,1,1
111,4,17,3,19,2,2,1,1
111,4,18,6,19,2,2,1,1
111,4,19,8,19,2,2,1,1
112,1,1,10,20,2,2,2,4
112,1,2,4,20,2,2,2,4
112,1,3,4,20,2,2,2,4
112,1,4,3,20,2,2,2,4
112,1,5,4,20,2,2,2,4
112,1,6,7,20,2,2,2,4
112,1,7,8,20,2,2,2,4
112,1,8,10,20,2,2,2,4
112,1,9,10,20,2,2,2,4
112,1,10,10,20,2,2,2,4
112,1,11,10,20,2,2,2,4
112,1,12,8,20,2,2,2,4
112,1,13,4,20,2,2,2,4
112,1,14,7,20,2,2,2,4
112,1,15,8,20,2,2,2,4
112,1,16,10,20,2,2,2,4
112,1,17,4,20,2,2,2,4
112,1,18,6,20,2,2,2,4
112,1,19,5,20,2,2,2,4
113,1,1,4,21,2,2,1,3
113,1,2,3,21,2,2,1,3
113,1,3,3,21,2,2,1,3
113,1,4,4,21,2,2,1,3
113,1,5,3,21,2,2,1,3
113,1,6,4,21,2,2,1,3
113,1,7,8,21,2,2,1,3
113,1,8,9,21,2,2,1,3
113,1,9,9,21,2,2,1,3
113,1,10,9,21,2,2,1,3
113,1,11,10,21,2,2,1,3
113,1,12,9,21,2,2,1,3
113,1,13,6,21,2,2,1,3
113,1,14,7,21,2,2,1,3
113,1,15,7,21,2,2,1,3
113,1,16,8,21,2,2,1,3
113,1,17,8,21,2,2,1,3
113,1,18,9,21,2,2,1,3
113,1,19,8,21,2,2,1,3
114,1,1,3,19,2,2,4,1
114,1,2,1,19,2,2,4,1
114,1,3,9,19,2,2,4,1
114,1,4,8,19,2,2,4,1
114,1,5,1,19,2,2,4,1
114,1,6,9,19,2,2,4,1
114,1,7,8,19,2,2,4,1
114,1,8,10,19,2,2,4,1
114,1,9,10,19,2,2,4,1
114,1,10,10,19,2,2,4,1
114,1,11,10,19,2,2,4,1
114,1,12,9,19,2,2,4,1
114,1,13,8,19,2,2,4,1
114,1,14,9,19,2,2,4,1
114,1,15,9,19,2,2,4,1
114,1,16,10,19,2,2,4,1
114,1,17,10,19,2,2,4,1
114,1,18,10,19,2,2,4,1
114,1,19,8,19,2,2,4,1
115,3,1,9,18,2,2,3,1
115,3,2,8,18,2,2,3,1
115,3,3,8,18,2,2,3,1
115,3,4,10,18,2,2,3,1
115,3,5,9,18,2,2,3,1
115,3,6,10,18,2,2,3,1
115,3,7,4,18,2,2,3,1
115,3,8,2,18,2,2,3,1
115,3,9,2,18,2,2,3,1
115,3,10,4,18,2,2,3,1
115,3,11,1,18,2,2,3,1
115,3,12,1,18,2,2,3,1
115,3,13,2,18,2,2,3,1
115,3,14,1,18,2,2,3,1
115,3,15,1,18,2,2,3,1
115,3,16,3,18,2,2,3,1
115,3,17,3,18,2,2,3,1
115,3,18,2,18,2,2,3,1
115,3,19,8,18,2,2,3,1
116,4,1,10,19,2,2,1,1
116,4,2,10,19,2,2,1,1
116,4,3,10,19,2,2,1,1
116,4,4,10,19,2,2,1,1
116,4,5,10,19,2,2,1,1
116,4,6,10,19,2,2,1,1
116,4,7,10,19,2,2,1,1
116,4,8,10,19,2,2,1,1
116,4,9,10,19,2,2,1,1
116,4,10,10,19,2,2,1,1
116,4,11,10,19,2,2,1,1
116,4,12,10,19,2,2,1,1
116,4,13,7,19,2,2,1,1
116,4,14,3,19,2,2,1,1
116,4,15,10,19,2,2,1,1
116,4,16,5,19,2,2,1,1
116,4,17,3,19,2,2,1,1
116,4,18,6,19,2,2,1,1
116,4,19,7,19,2,2,1,1
117,4,1,5,19,2,2,1,1
117,4,2,10,19,2,2,1,1
117,4,3,10,19,2,2,1,1
117,4,4,10,19,2,2,1,1
117,4,5,10,19,2,2,1,1
117,4,6,10,19,2,2,1,1
117,4,7,10,19,2,2,1,1
117,4,8,10,19,2,2,1,1
117,4,9,5,19,2,2,1,1
117,4,10,10,19,2,2,1,1
117,4,11,10,19,2,2,1,1
117,4,12,10,19,2,2,1,1
117,4,13,5,19,2,2,1,1
117,4,14,5,19,2,2,1,1
117,4,15,4,19,2,2,1,1
117,4,16,4,19,2,2,1,1
117,4,17,5,19,2,2,1,1
117,4,18,4,19,2,2,1,1
117,4,19,4,19,2,2,1,1
118,5,1,10,21,2,2,1,3
118,5,2,10,21,2,2,1,3
118,5,3,6,21,2,2,1,3
118,5,4,7,21,2,2,1,3
118,5,5,8,21,2,2,1,3
118,5,6,9,21,2,2,1,3
118,5,7,9,21,2,2,1,3
118,5,8,10,21,2,2,1,3
118,5,9,10,21,2,2,1,3
118,5,10,10,21,2,2,1,3
118,5,11,10,21,2,2,1,3
118,5,12,10,21,2,2,1,3
118,5,13,10,21,2,2,1,3
118,5,14,10,21,2,2,1,3
118,5,15,10,21,2,2,1,3
118,5,16,10,21,2,2,1,3
118,5,17,10,21,2,2,1,3
118,5,18,10,21,2,2,1,3
118,5,19,10,21,2,2,1,3
119,3,1,8,21,2,2,1,4
119,3,2,10,21,2,2,1,4
119,3,3,8,21,2,2,1,4
119,3,4,9,21,2,2,1,4
119,3,5,10,21,2,2,1,4
119,3,6,10,21,2,2,1,4
119,3,7,8,21,2,2,1,4
119,3,8,8,21,2,2,1,4
119,3,9,7,21,2,2,1,4
119,3,10,8,21,2,2,1,4
119,3,11,7,21,2,2,1,4
119,3,12,8,21,2,2,1,4
119,3,13,10,21,2,2,1,4
119,3,14,10,21,2,2,1,4
119,3,15,10,21,2,2,1,4
119,3,16,10,21,2,2,1,4
119,3,17,10,21,2,2,1,4
119,3,18,10,21,2,2,1,4
119,3,19,10,21,2,2,1,4
120,4,1,10,19,2,2,1,2
120,4,2,10,19,2,2,1,2
120,4,3,10,19,2,2,1,2
120,4,4,10,19,2,2,1,2
120,4,5,10,19,2,2,1,2
120,4,6,10,19,2,2,1,2
120,4,7,10,19,2,2,1,2
120,4,8,10,19,2,2,1,2
120,4,9,10,19,2,2,1,2
120,4,10,10,19,2,2,1,2
120,4,11,10,19,2,2,1,2
120,4,12,10,19,2,2,1,2
120,4,13,6,19,2,2,1,2
120,4,14,2,19,2,2,1,2
120,4,15,5,19,2,2,1,2
120,4,16,4,19,2,2,1,2
120,4,17,2,19,2,2,1,2
120,4,18,3,19,2,2,1,2
120,4,19,7,19,2,2,1,2
121,1,1,4,20,2,2,3,3
121,1,2,3,20,2,2,3,3
121,1,3,4,20,2,2,3,3
121,1,4,6,20,2,2,3,3
121,1,5,3,20,2,2,3,3
121,1,6,10,20,2,2,3,3
121,1,7,10,20,2,2,3,3
121,1,8,10,20,2,2,3,3
121,1,9,10,20,2,2,3,3
121,1,10,10,20,2,2,3,3
121,1,11,10,20,2,2,3,3
121,1,12,10,20,2,2,3,3
121,1,13,9,20,2,2,3,3
121,1,14,7,20,2,2,3,3
121,1,15,8,20,2,2,3,3
121,1,16,9,20,2,2,3,3
121,1,17,9,20,2,2,3,3
121,1,18,9,20,2,2,3,3
121,1,19,6,20,2,2,3,3
123,5,1,10,20,2,2,2,2
123,5,2,10,20,2,2,2,2
123,5,3,10,20,2,2,2,2
123,5,4,10,20,2,2,2,2
123,5,5,10,20,2,2,2,2
123,5,6,10,20,2,2,2,2
123,5,7,10,20,2,2,2,2
123,5,8,10,20,2,2,2,2
123,5,9,10,20,2,2,2,2
123,5,10,10,20,2,2,2,2
123,5,11,10,20,2,2,2,2
123,5,12,10,20,2,2,2,2
123,5,13,10,20,2,2,2,2
123,5,14,10,20,2,2,2,2
123,5,15,10,20,2,2,2,2
123,5,16,10,20,2,2,2,2
123,5,17,10,20,2,2,2,2
123,5,18,10,20,2,2,2,2
123,5,19,10,20,2,2,2,2
124,4,1,10,20,2,2,1,2
124,4,2,10,20,2,2,1,2
124,4,3,10,20,2,2,1,2
124,4,4,10,20,2,2,1,2
124,4,5,10,20,2,2,1,2
124,4,6,10,20,2,2,1,2
124,4,7,10,20,2,2,1,2
124,4,8,10,20,2,2,1,2
124,4,9,10,20,2,2,1,2
124,4,10,10,20,2,2,1,2
124,4,11,10,20,2,2,1,2
124,4,12,10,20,2,2,1,2
124,4,13,3,20,2,2,1,2
124,4,14,2,20,2,2,1,2
124,4,15,3,20,2,2,1,2
124,4,16,2,20,2,2,1,2
124,4,17,2,20,2,2,1,2
124,4,18,3,20,2,2,1,2
124,4,19,7,20,2,2,1,2
125,2,1,7,21,2,2,2,4
125,2,2,9,21,2,2,2,4
125,2,3,10,21,2,2,2,4
125,2,4,9,21,2,2,2,4
125,2,5,10,21,2,2,2,4
125,2,6,9,21,2,2,2,4
125,2,7,6,21,2,2,2,4
125,2,8,4,21,2,2,2,4
125,2,9,5,21,2,2,2,4
125,2,10,7,21,2,2,2,4
125,2,11,5,21,2,2,2,4
125,2,12,5,21,2,2,2,4
125,2,13,8,21,2,2,2,4
125,2,14,6,21,2,2,2,4
125,2,15,10,21,2,2,2,4
125,2,16,9,21,2,2,2,4
125,2,17,10,21,2,2,2,4
125,2,18,9,21,2,2,2,4
125,2,19,9,21,2,2,2,4
126,2,1,7,22,2,2,1,3
126,2,2,9,22,2,2,1,3
126,2,3,10,22,2,2,1,3
126,2,4,9,22,2,2,1,3
126,2,5,10,22,2,2,1,3
126,2,6,9,22,2,2,1,3
126,2,7,5,22,2,2,1,3
126,2,8,5,22,2,2,1,3
126,2,9,4,22,2,2,1,3
126,2,10,6,22,2,2,1,3
126,2,11,5,22,2,2,1,3
126,2,12,8,22,2,2,1,3
126,2,13,9,22,2,2,1,3
126,2,14,9,22,2,2,1,3
126,2,15,8,22,2,2,1,3
126,2,16,10,22,2,2,1,3
126,2,17,10,22,2,2,1,3
126,2,18,10,22,2,2,1,3
126,2,19,9,22,2,2,1,3
127,5,1,10,20,2,2,1,2
127,5,2,10,20,2,2,1,2
127,5,3,10,20,2,2,1,2
127,5,4,10,20,2,2,1,2
127,5,5,10,20,2,2,1,2
127,5,6,10,20,2,2,1,2
127,5,7,10,20,2,2,1,2
127,5,8,10,20,2,2,1,2
127,5,9,10,20,2,2,1,2
127,5,10,10,20,2,2,1,2
127,5,11,10,20,2,2,1,2
127,5,12,10,20,2,2,1,2
127,5,13,10,20,2,2,1,2
127,5,14,10,20,2,2,1,2
127,5,15,10,20,2,2,1,2
127,5,16,10,20,2,2,1,2
127,5,17,10,20,2,2,1,2
127,5,18,10,20,2,2,1,2
127,5,19,10,20,2,2,1,2
128,5,1,10,20,2,2,1,2
128,5,2,10,20,2,2,1,2
128,5,3,10,20,2,2,1,2
128,5,4,10,20,2,2,1,2
128,5,5,10,20,2,2,1,2
128,5,6,10,20,2,2,1,2
128,5,7,10,20,2,2,1,2
128,5,8,10,20,2,2,1,2
128,5,9,10,20,2,2,1,2
128,5,10,10,20,2,2,1,2
128,5,11,10,20,2,2,1,2
128,5,12,10,20,2,2,1,2
128,5,13,10,20,2,2,1,2
128,5,14,10,20,2,2,1,2
128,5,15,10,20,2,2,1,2
128,5,16,10,20,2,2,1,2
128,5,17,10,20,2,2,1,2
128,5,18,10,20,2,2,1,2
128,5,19,10,20,2,2,1,2
129,3,1,10,21,2,2,2,3
129,3,2,10,21,2,2,2,3
129,3,3,10,21,2,2,2,3
129,3,4,10,21,2,2,2,3
129,3,5,10,21,2,2,2,3
129,3,6,10,21,2,2,2,3
129,3,7,7,21,2,2,2,3
129,3,8,6,21,2,2,2,3
129,3,9,8,21,2,2,2,3
129,3,10,9,21,2,2,2,3
129,3,11,8,21,2,2,2,3
129,3,12,9,21,2,2,2,3
129,3,13,8,21,2,2,2,3
129,3,14,8,21,2,2,2,3
129,3,15,8,21,2,2,2,3
129,3,16,8,21,2,2,2,3
129,3,17,7,21,2,2,2,3
129,3,18,8,21,2,2,2,3
129,3,19,8,21,2,2,2,3
130,1,1,3,18,2,2,1,1
130,1,2,1,18,2,2,1,1
130,1,3,1,18,2,2,1,1
130,1,4,1,18,2,2,1,1
130,1,5,1,18,2,2,1,1
130,1,6,1,18,2,2,1,1
130,1,7,10,18,2,2,1,1
130,1,8,10,18,2,2,1,1
130,1,9,10,18,2,2,1,1
130,1,10,10,18,2,2,1,1
130,1,11,10,18,2,2,1,1
130,1,12,10,18,2,2,1,1
130,1,13,9,18,2,2,1,1
130,1,14,10,18,2,2,1,1
130,1,15,10,18,2,2,1,1
130,1,16,10,18,2,2,1,1
130,1,17,10,18,2,2,1,1
130,1,18,10,18,2,2,1,1
130,1,19,9,18,2,2,1,1
131,1,1,8,24,2,2,2,4
131,1,2,4,24,2,2,2,4
131,1,3,5,24,2,2,2,4
131,1,4,5,24,2,2,2,4
131,1,5,4,24,2,2,2,4
131,1,6,6,24,2,2,2,4
131,1,7,10,24,2,2,2,4
131,1,8,10,24,2,2,2,4
131,1,9,10,24,2,2,2,4
131,1,10,10,24,2,2,2,4
131,1,11,10,24,2,2,2,4
131,1,12,10,24,2,2,2,4
131,1,13,10,24,2,2,2,4
131,1,14,10,24,2,2,2,4
131,1,15,10,24,2,2,2,4
131,1,16,10,24,2,2,2,4
131,1,17,10,24,2,2,2,4
131,1,18,10,24,2,2,2,4
131,1,19,9,24,2,2,2,4
132,5,1,10,20,2,2,2,4
132,5,2,10,20,2,2,2,4
132,5,3,10,20,2,2,2,4
132,5,4,10,20,2,2,2,4
132,5,5,10,20,2,2,2,4
132,5,6,10,20,2,2,2,4
132,5,7,10,20,2,2,2,4
132,5,8,10,20,2,2,2,4
132,5,9,10,20,2,2,2,4
132,5,10,10,20,2,2,2,4
132,5,11,10,20,2,2,2,4
132,5,12,10,20,2,2,2,4
132,5,13,10,20,2,2,2,4
132,5,14,10,20,2,2,2,4
132,5,15,10,20,2,2,2,4
132,5,16,10,20,2,2,2,4
132,5,17,10,20,2,2,2,4
132,5,18,10,20,2,2,2,4
132,5,19,10,20,2,2,2,4
133,5,1,10,21,2,2,2,3
133,5,2,10,21,2,2,2,3
133,5,3,8,21,2,2,2,3
133,5,4,7,21,2,2,2,3
133,5,5,10,21,2,2,2,3
133,5,6,10,21,2,2,2,3
133,5,7,10,21,2,2,2,3
133,5,8,10,21,2,2,2,3
133,5,9,10,21,2,2,2,3
133,5,10,10,21,2,2,2,3
133,5,11,8,21,2,2,2,3
133,5,12,9,21,2,2,2,3
133,5,13,10,21,2,2,2,3
133,5,14,9,21,2,2,2,3
133,5,15,10,21,2,2,2,3
133,5,16,7,21,2,2,2,3
133,5,17,8,21,2,2,2,3
133,5,18,8,21,2,2,2,3
133,5,19,8,21,2,2,2,3
135,3,1,9,18,2,2,1,1
135,3,2,10,18,2,2,1,1
135,3,3,10,18,2,2,1,1
135,3,4,10,18,2,2,1,1
135,3,5,10,18,2,2,1,1
135,3,6,10,18,2,2,1,1
135,3,7,6,18,2,2,1,1
135,3,8,2,18,2,2,1,1
135,3,9,2,18,2,2,1,1
135,3,10,3,18,2,2,1,1
135,3,11,1,18,2,2,1,1
135,3,12,3,18,2,2,1,1
135,3,13,9,18,2,2,1,1
135,3,14,8,18,2,2,1,1
135,3,15,8,18,2,2,1,1
135,3,16,9,18,2,2,1,1
135,3,17,8,18,2,2,1,1
135,3,18,10,18,2,2,1,1
135,3,19,8,18,2,2,1,1
136,2,1,10,19,2,2,2,2
136,2,2,10,19,2,2,2,2
136,2,3,10,19,2,2,2,2
136,2,4,10,19,2,2,2,2
136,2,5,10,19,2,2,2,2
136,2,6,10,19,2,2,2,2
136,2,7,5,19,2,2,2,2
136,2,8,1,19,2,2,2,2
136,2,9,3,19,2,2,2,2
136,2,10,1,19,2,2,2,2
136,2,11,1,19,2,2,2,2
136,2,12,3,19,2,2,2,2
136,2,13,6,19,2,2,2,2
136,2,14,6,19,2,2,2,2
136,2,15,5,19,2,2,2,2
136,2,16,5,19,2,2,2,2
136,2,17,5,19,2,2,2,2
136,2,18,5,19,2,2,2,2
136,2,19,8,19,2,2,2,2
137,2,1,10,19,2,2,4,1
137,2,2,10,19,2,2,4,1
137,2,3,10,19,2,2,4,1
137,2,4,7,19,2,2,4,1
137,2,5,6,19,2,2,4,1
137,2,6,6,19,2,2,4,1
137,2,7,5,19,2,2,4,1
137,2,8,2,19,2,2,4,1
137,2,9,4,19,2,2,4,1
137,2,10,4,19,2,2,4,1
137,2,11,1,19,2,2,4,1
137,2,12,4,19,2,2,4,1
137,2,13,10,19,2,2,4,1
137,2,14,10,19,2,2,4,1
137,2,15,10,19,2,2,4,1
137,2,16,10,19,2,2,4,1
137,2,17,10,19,2,2,4,1
137,2,18,10,19,2,2,4,1
137,2,19,8,19,2,2,4,1
139,2,1,6,22,2,2,3,4
139,2,2,7,22,2,2,3,4
139,2,3,8,22,2,2,3,4
139,2,4,8,22,2,2,3,4
139,2,5,8,22,2,2,3,4
139,2,6,7,22,2,2,3,4
139,2,7,3,22,2,2,3,4
139,2,8,2,22,2,2,3,4
139,2,9,2,22,2,2,3,4
139,2,10,10,22,2,2,3,4
139,2,11,1,22,2,2,3,4
139,2,12,2,22,2,2,3,4
139,2,13,4,22,2,2,3,4
139,2,14,4,22,2,2,3,4
139,2,15,3,22,2,2,3,4
139,2,16,4,22,2,2,3,4
139,2,17,4,22,2,2,3,4
139,2,18,3,22,2,2,3,4
139,2,19,7,22,2,2,3,4
141,3,1,6,21,2,2,2,4
141,3,2,7,21,2,2,2,4
141,3,3,9,21,2,2,2,4
141,3,4,7,21,2,2,2,4
141,3,5,8,21,2,2,2,4
141,3,6,8,21,2,2,2,4
141,3,7,1,21,2,2,2,4
141,3,8,10,21,2,2,2,4
141,3,9,1,21,2,2,2,4
141,3,10,1,21,2,2,2,4
141,3,11,5,21,2,2,2,4
141,3,12,1,21,2,2,2,4
141,3,13,7,21,2,2,2,4
141,3,14,6,21,2,2,2,4
141,3,15,6,21,2,2,2,4
141,3,16,6,21,2,2,2,4
141,3,17,6,21,2,2,2,4
141,3,18,6,21,2,2,2,4
141,3,19,6,21,2,2,2,4
142,2,1,10,22,2,2,2,4
142,2,2,10,22,2,2,2,4
142,2,3,10,22,2,2,2,4
142,2,4,9,22,2,2,2,4
142,2,5,9,22,2,2,2,4
142,2,6,8,22,2,2,2,4
142,2,7,3,22,2,2,2,4
142,2,8,1,22,2,2,2,4
142,2,9,4,22,2,2,2,4
142,2,10,3,22,2,2,2,4
142,2,11,1,22,2,2,2,4
142,2,12,2,22,2,2,2,4
142,2,13,10,22,2,2,2,4
142,2,14,9,22,2,2,2,4
142,2,15,10,22,2,2,2,4
142,2,16,10,22,2,2,2,4
142,2,17,10,22,2,2,2,4
142,2,18,10,22,2,2,2,4
142,2,19,7,22,2,2,2,4
143,3,1,4,18,2,2,2,1
143,3,2,10,18,2,2,2,1
143,3,3,10,18,2,2,2,1
143,3,4,3,18,2,2,2,1
143,3,5,10,18,2,2,2,1
143,3,6,4,18,2,2,2,1
143,3,7,10,18,2,2,2,1
143,3,8,7,18,2,2,2,1
143,3,9,10,18,2,2,2,1
143,3,10,1,18,2,2,2,1
143,3,11,10,18,2,2,2,1
143,3,12,10,18,2,2,2,1
143,3,13,10,18,2,2,2,1
143,3,14,10,18,2,2,2,1
143,3,15,10,18,2,2,2,1
143,3,16,10,18,2,2,2,1
143,3,17,10,18,2,2,2,1
143,3,18,8,18,2,2,2,1
143,3,19,7,18,2,2,2,1
144,5,1,10,20,2,2,1,3
144,5,2,10,20,2,2,1,3
144,5,3,10,20,2,2,1,3
144,5,4,10,20,2,2,1,3
144,5,5,10,20,2,2,1,3
144,5,6,10,20,2,2,1,3
144,5,7,10,20,2,2,1,3
144,5,8,10,20,2,2,1,3
144,5,9,10,20,2,2,1,3
144,5,10,10,20,2,2,1,3
144,5,11,10,20,2,2,1,3
144,5,12,10,20,2,2,1,3
144,5,13,10,20,2,2,1,3
144,5,14,10,20,2,2,1,3
144,5,15,10,20,2,2,1,3
144,5,16,10,20,2,2,1,3
144,5,17,10,20,2,2,1,3
144,5,18,10,20,2,2,1,3
144,5,19,10,20,2,2,1,3
145,4,1,10,21,2,2,4,3
145,4,2,10,21,2,2,4,3
145,4,3,10,21,2,2,4,3
145,4,4,10,21,2,2,4,3
145,4,5,10,21,2,2,4,3
145,4,6,10,21,2,2,4,3
145,4,7,10,21,2,2,4,3
145,4,8,10,21,2,2,4,3
145,4,9,10,21,2,2,4,3
145,4,10,10,21,2,2,4,3
145,4,11,10,21,2,2,4,3
145,4,12,10,21,2,2,4,3
145,4,13,4,21,2,2,4,3
145,4,14,1,21,2,2,4,3
145,4,15,9,21,2,2,4,3
145,4,16,4,21,2,2,4,3
145,4,17,1,21,2,2,4,3
145,4,18,5,21,2,2,4,3
145,4,19,6,21,2,2,4,3
146,2,1,8,20,2,2,1,2
146,2,2,10,20,2,2,1,2
146,2,3,8,20,2,2,1,2
146,2,4,9,20,2,2,1,2
146,2,5,7,20,2,2,1,2
146,2,6,9,20,2,2,1,2
146,2,7,6,20,2,2,1,2
146,2,8,4,20,2,2,1,2
146,2,9,3,20,2,2,1,2
146,2,10,4,20,2,2,1,2
146,2,11,3,20,2,2,1,2
146,2,12,4,20,2,2,1,2
146,2,13,7,20,2,2,1,2
146,2,14,8,20,2,2,1,2
146,2,15,8,20,2,2,1,2
146,2,16,9,20,2,2,1,2
146,2,17,10,20,2,2,1,2
146,2,18,10,20,2,2,1,2
146,2,19,7,20,2,2,1,2
148,2,1,10,21,2,2,1,3
148,2,2,10,21,2,2,1,3
148,2,3,9,21,2,2,1,3
148,2,4,10,21,2,2,1,3
148,2,5,7,21,2,2,1,3
148,2,6,3,21,2,2,1,3
148,2,7,1,21,2,2,1,3
148,2,8,1,21,2,2,1,3
148,2,9,1,21,2,2,1,3
148,2,10,4,21,2,2,1,3
148,2,11,2,21,2,2,1,3
148,2,12,7,21,2,2,1,3
148,2,13,9,21,2,2,1,3
148,2,14,9,21,2,2,1,3
148,2,15,9,21,2,2,1,3
148,2,16,8,21,2,2,1,3
148,2,17,8,21,2,2,1,3
148,2,18,5,21,2,2,1,3
148,2,19,3,21,2,2,1,3
149,3,1,9,19,2,2,1,1
149,3,2,9,19,2,2,1,1
149,3,3,9,19,2,2,1,1
149,3,4,9,19,2,2,1,1
149,3,5,9,19,2,2,1,1
149,3,6,9,19,2,2,1,1
149,3,7,6,19,2,2,1,1
149,3,8,5,19,2,2,1,1
149,3,9,4,19,2,2,1,1
149,3,10,4,19,2,2,1,1
149,3,11,3,19,2,2,1,1
149,3,12,5,19,2,2,1,1
149,3,13,10,19,2,2,1,1
149,3,14,10,19,2,2,1,1
149,3,15,10,19,2,2,1,1
149,3,16,10,19,2,2,1,1
149,3,17,10,19,2,2,1,1
149,3,18,9,19,2,2,1,1
149,3,19,7,19,2,2,1,1
150,4,1,8,20,2,2,2,3
150,4,2,7,20,2,2,2,3
150,4,3,10,20,2,2,2,3
150,4,4,9,20,2,2,2,3
150,4,5,10,20,2,2,2,3
150,4,6,8,20,2,2,2,3
150,4,7,10,20,2,2,2,3
150,4,8,10,20,2,2,2,3
150,4,9,10,20,2,2,2,3
150,4,10,10,20,2,2,2,3
150,4,11,10,20,2,2,2,3
150,4,12,10,20,2,2,2,3
150,4,13,6,20,2,2,2,3
150,4,14,5,20,2,2,2,3
150,4,15,5,20,2,2,2,3
150,4,16,4,20,2,2,2,3
150,4,17,4,20,2,2,2,3
150,4,18,5,20,2,2,2,3
150,4,19,6,20,2,2,2,3
152,5,1,5,22,2,2,2,4
152,5,2,8,22,2,2,2,4
152,5,3,8,22,2,2,2,4
152,5,4,7,22,2,2,2,4
152,5,5,5,22,2,2,2,4
152,5,6,5,22,2,2,2,4
152,5,7,6,22,2,2,2,4
152,5,8,5,22,2,2,2,4
152,5,9,5,22,2,2,2,4
152,5,10,5,22,2,2,2,4
152,5,11,5,22,2,2,2,4
152,5,12,5,22,2,2,2,4
152,5,13,5,22,2,2,2,4
152,5,14,5,22,2,2,2,4
152,5,15,5,22,2,2,2,4
152,5,16,5,22,2,2,2,4
152,5,17,5,22,2,2,2,4
152,5,18,5,22,2,2,2,4
152,5,19,5,22,2,2,2,4
153,4,1,10,19,2,2,1,2
153,4,2,10,19,2,2,1,2
153,4,3,10,19,2,2,1,2
153,4,4,10,19,2,2,1,2
153,4,5,10,19,2,2,1,2
153,4,6,10,19,2,2,1,2
153,4,7,10,19,2,2,1,2
153,4,8,10,19,2,2,1,2
153,4,9,10,19,2,2,1,2
153,4,10,10,19,2,2,1,2
153,4,11,10,19,2,2,1,2
153,4,12,10,19,2,2,1,2
153,4,13,7,19,2,2,1,2
153,4,14,5,19,2,2,1,2
153,4,15,6,19,2,2,1,2
153,4,16,3,19,2,2,1,2
153,4,17,1,19,2,2,1,2
153,4,18,10,19,2,2,1,2
153,4,19,6,19,2,2,1,2
154,3,1,6,21,2,2,4,3
154,3,2,7,21,2,2,4,3
154,3,3,6,21,2,2,4,3
154,3,4,7,21,2,2,4,3
154,3,5,7,21,2,2,4,3
154,3,6,8,21,2,2,4,3
154,3,7,4,21,2,2,4,3
154,3,8,3,21,2,2,4,3
154,3,9,4,21,2,2,4,3
154,3,10,7,21,2,2,4,3
154,3,11,5,21,2,2,4,3
154,3,12,5,21,2,2,4,3
154,3,13,7,21,2,2,4,3
154,3,14,8,21,2,2,4,3
154,3,15,9,21,2,2,4,3
154,3,16,9,21,2,2,4,3
154,3,17,10,21,2,2,4,3
154,3,18,9,21,2,2,4,3
154,3,19,7,21,2,2,4,3
155,5,1,10,19,2,2,1,2
155,5,2,10,19,2,2,1,2
155,5,3,10,19,2,2,1,2
155,5,4,10,19,2,2,1,2
155,5,5,10,19,2,2,1,2
155,5,6,10,19,2,2,1,2
155,5,7,10,19,2,2,1,2
155,5,8,10,19,2,2,1,2
155,5,9,10,19,2,2,1,2
155,5,10,10,19,2,2,1,2
155,5,11,10,19,2,2,1,2
155,5,12,10,19,2,2,1,2
155,5,13,10,19,2,2,1,2
155,5,14,10,19,2,2,1,2
155,5,15,10,19,2,2,1,2
155,5,16,10,19,2,2,1,2
155,5,17,10,19,2,2,1,2
155,5,18,10,19,2,2,1,2
155,5,19,10,19,2,2,1,2
156,1,1,8,21,2,2,2,3
156,1,2,5,21,2,2,2,3
156,1,3,7,21,2,2,2,3
156,1,4,8,21,2,2,2,3
156,1,5,7,21,2,2,2,3
156,1,6,8,21,2,2,2,3
156,1,7,10,21,2,2,2,3
156,1,8,10,21,2,2,2,3
156,1,9,10,21,2,2,2,3
156,1,10,10,21,2,2,2,3
156,1,11,10,21,2,2,2,3
156,1,12,9,21,2,2,2,3
156,1,13,8,21,2,2,2,3
156,1,14,8,21,2,2,2,3
156,1,15,9,21,2,2,2,3
156,1,16,9,21,2,2,2,3
156,1,17,9,21,2,2,2,3
156,1,18,10,21,2,2,2,3
156,1,19,7,21,2,2,2,3
158,5,1,10,20,2,2,2,3
158,5,2,10,20,2,2,2,3
158,5,3,10,20,2,2,2,3
158,5,4,10,20,2,2,2,3
158,5,5,10,20,2,2,2,3
158,5,6,10,20,2,2,2,3
158,5,7,10,20,2,2,2,3
158,5,8,10,20,2,2,2,3
158,5,9,10,20,2,2,2,3
158,5,10,10,20,2,2,2,3
158,5,11,10,20,2,2,2,3
158,5,12,10,20,2,2,2,3
158,5,13,10,20,2,2,2,3
158,5,14,10,20,2,2,2,3
158,5,15,10,20,2,2,2,3
158,5,16,10,20,2,2,2,3
158,5,17,10,20,2,2,2,3
158,5,18,10,20,2,2,2,3
158,5,19,10,20,2,2,2,3
159,2,1,7,21,2,2,1,3
159,2,2,8,21,2,2,1,3
159,2,3,9,21,2,2,1,3
159,2,4,9,21,2,2,1,3
159,2,5,9,21,2,2,1,3
159,2,6,8,21,2,2,1,3
159,2,7,5,21,2,2,1,3
159,2,8,4,21,2,2,1,3
159,2,9,3,21,2,2,1,3
159,2,10,2,21,2,2,1,3
159,2,11,1,21,2,2,1,3
159,2,12,2,21,2,2,1,3
159,2,13,10,21,2,2,1,3
159,2,14,10,21,2,2,1,3
159,2,15,10,21,2,2,1,3
159,2,16,10,21,2,2,1,3
159,2,17,10,21,2,2,1,3
159,2,18,10,21,2,2,1,3
159,2,19,7,21,2,2,1,3
160,2,1,7,21,2,2,1,3
160,2,2,5,21,2,2,1,3
160,2,3,7,21,2,2,1,3
160,2,4,5,21,2,2,1,3
160,2,5,6,21,2,2,1,3
160,2,6,5,21,2,2,1,3
160,2,7,3,21,2,2,1,3
160,2,8,3,21,2,2,1,3
160,2,9,4,21,2,2,1,3
160,2,10,4,21,2,2,1,3
160,2,11,3,21,2,2,1,3
160,2,12,4,21,2,2,1,3
160,2,13,6,21,2,2,1,3
160,2,14,6,21,2,2,1,3
160,2,15,6,21,2,2,1,3
160,2,16,7,21,2,2,1,3
160,2,17,7,21,2,2,1,3
160,2,18,6,21,2,2,1,3
160,2,19,5,21,2,2,1,3
161,3,1,10,23,2,2,2,4
161,3,2,10,23,2,2,2,4
161,3,3,10,23,2,2,2,4
161,3,4,10,23,2,2,2,4
161,3,5,10,23,2,2,2,4
161,3,6,10,23,2,2,2,4
161,3,7,8,23,2,2,2,4
161,3,8,7,23,2,2,2,4
161,3,9,7,23,2,2,2,4
161,3,10,8,23,2,2,2,4
161,3,11,6,23,2,2,2,4
161,3,12,8,23,2,2,2,4
161,3,13,10,23,2,2,2,4
161,3,14,10,23,2,2,2,4
161,3,15,10,23,2,2,2,4
161,3,16,10,23,2,2,2,4
161,3,17,10,23,2,2,2,4
161,3,18,10,23,2,2,2,4
161,3,19,9,23,2,2,2,4
162,3,1,7,19,2,2,1,2
162,3,2,8,19,2,2,1,2
162,3,3,5,19,2,2,1,2
162,3,4,8,19,2,2,1,2
162,3,5,2,19,2,2,1,2
162,3,6,6,19,2,2,1,2
162,3,7,4,19,2,2,1,2
162,3,8,1,19,2,2,1,2
162,3,9,2,19,2,2,1,2
162,3,10,6,19,2,2,1,2
162,3,11,2,19,2,2,1,2
162,3,12,5,19,2,2,1,2
162,3,13,10,19,2,2,1,2
162,3,14,9,19,2,2,1,2
162,3,15,8,19,2,2,1,2
162,3,16,8,19,2,2,1,2
162,3,17,8,19,2,2,1,2
162,3,18,6,19,2,2,1,2
162,3,19,6,19,2,2,1,2
163,5,1,10,21,2,2,1,4
163,5,2,10,21,2,2,1,4
163,5,3,10,21,2,2,1,4
163,5,4,10,21,2,2,1,4
163,5,5,10,21,2,2,1,4
163,5,6,10,21,2,2,1,4
163,5,7,10,21,2,2,1,4
163,5,8,10,21,2,2,1,4
163,5,9,10,21,2,2,1,4
163,5,10,10,21,2,2,1,4
163,5,11,10,21,2,2,1,4
163,5,12,10,21,2,2,1,4
163,5,13,10,21,2,2,1,4
163,5,14,10,21,2,2,1,4
163,5,15,10,21,2,2,1,4
163,5,16,10,21,2,2,1,4
163,5,17,10,21,2,2,1,4
163,5,18,10,21,2,2,1,4
163,5,19,10,21,2,2,1,4
164,1,1,5,21,2,2,1,3
164,1,2,3,21,2,2,1,3
164,1,3,4,21,2,2,1,3
164,1,4,8,21,2,2,1,3
164,1,5,4,21,2,2,1,3
164,1,6,6,21,2,2,1,3
164,1,7,10,21,2,2,1,3
164,1,8,10,21,2,2,1,3
164,1,9,10,21,2,2,1,3
164,1,10,10,21,2,2,1,3
164,1,11,10,21,2,2,1,3
164,1,12,10,21,2,2,1,3
164,1,13,10,21,2,2,1,3
164,1,14,10,21,2,2,1,3
164,1,15,10,21,2,2,1,3
164,1,16,10,21,2,2,1,3
164,1,17,10,21,2,2,1,3
164,1,18,10,21,2,2,1,3
164,1,19,8,21,2,2,1,3
165,5,1,10,28,2,2,2,4
165,5,2,10,28,2,2,2,4
165,5,3,10,28,2,2,2,4
165,5,4,10,28,2,2,2,4
165,5,5,10,28,2,2,2,4
165,5,6,10,28,2,2,2,4
165,5,7,9,28,2,2,2,4
165,5,8,10,28,2,2,2,4
165,5,9,10,28,2,2,2,4
165,5,10,10,28,2,2,2,4
165,5,11,10,28,2,2,2,4
165,5,12,10,28,2,2,2,4
165,5,13,10,28,2,2,2,4
165,5,14,10,28,2,2,2,4
165,5,15,10,28,2,2,2,4
165,5,16,10,28,2,2,2,4
165,5,17,10,28,2,2,2,4
165,5,18,10,28,2,2,2,4
165,5,19,10,28,2,2,2,4
166,4,1,10,22,2,2,2,4
166,4,2,10,22,2,2,2,4
166,4,3,10,22,2,2,2,4
166,4,4,10,22,2,2,2,4
166,4,5,10,22,2,2,2,4
166,4,6,10,22,2,2,2,4
166,4,7,10,22,2,2,2,4
166,4,8,10,22,2,2,2,4
166,4,9,10,22,2,2,2,4
166,4,10,10,22,2,2,2,4
166,4,11,10,22,2,2,2,4
166,4,12,10,22,2,2,2,4
166,4,13,8,22,2,2,2,4
166,4,14,7,22,2,2,2,4
166,4,15,8,22,2,2,2,4
166,4,16,8,22,2,2,2,4
166,4,17,8,22,2,2,2,4
166,4,18,9,22,2,2,2,4
166,4,19,9,22,2,2,2,4
167,1,1,4,20,2,2,1,2
167,1,2,2,20,2,2,1,2
167,1,3,3,20,2,2,1,2
167,1,4,3,20,2,2,1,2
167,1,5,1,20,2,2,1,2
167,1,6,6,20,2,2,1,2
167,1,7,10,20,2,2,1,2
167,1,8,10,20,2,2,1,2
167,1,9,10,20,2,2,1,2
167,1,10,10,20,2,2,1,2
167,1,11,10,20,2,2,1,2
167,1,12,10,20,2,2,1,2
167,1,13,10,20,2,2,1,2
167,1,14,10,20,2,2,1,2
167,1,15,10,20,2,2,1,2
167,1,16,10,20,2,2,1,2
167,1,17,10,20,2,2,1,2
167,1,18,10,20,2,2,1,2
167,1,19,7,20,2,2,1,2
168,3,1,5,22,2,2,1,4
168,3,2,8,22,2,2,1,4
168,3,3,5,22,2,2,1,4
168,3,4,7,22,2,2,1,4
168,3,5,4,22,2,2,1,4
168,3,6,5,22,2,2,1,4
168,3,7,4,22,2,2,1,4
168,3,8,2,22,2,2,1,4
168,3,9,2,22,2,2,1,4
168,3,10,2,22,2,2,1,4
168,3,11,1,22,2,2,1,4
168,3,12,4,22,2,2,1,4
168,3,13,6,22,2,2,1,4
168,3,14,7,22,2,2,1,4
168,3,15,6,22,2,2,1,4
168,3,16,4,22,2,2,1,4
168,3,17,6,22,2,2,1,4
168,3,18,7,22,2,2,1,4
168,3,19,6,22,2,2,1,4
169,1,1,9,19,2,2,1,1
169,1,2,3,19,2,2,1,1
169,1,3,3,19,2,2,1,1
169,1,4,3,19,2,2,1,1
169,1,5,1,19,2,2,1,1
169,1,6,5,19,2,2,1,1
169,1,7,10,19,2,2,1,1
169,1,8,10,19,2,2,1,1
169,1,9,10,19,2,2,1,1
169,1,10,10,19,2,2,1,1
169,1,11,10,19,2,2,1,1
169,1,12,10,19,2,2,1,1
169,1,13,10,19,2,2,1,1
169,1,14,10,19,2,2,1,1
169,1,15,10,19,2,2,1,1
169,1,16,10,19,2,2,1,1
169,1,17,10,19,2,2,1,1
169,1,18,10,19,2,2,1,1
169,1,19,10,19,2,2,1,1
170,4,1,10,20,2,2,1,2
170,4,2,10,20,2,2,1,2
170,4,3,10,20,2,2,1,2
170,4,4,10,20,2,2,1,2
170,4,5,10,20,2,2,1,2
170,4,6,10,20,2,2,1,2
170,4,7,10,20,2,2,1,2
170,4,8,10,20,2,2,1,2
170,4,9,10,20,2,2,1,2
170,4,10,10,20,2,2,1,2
170,4,11,10,20,2,2,1,2
170,4,12,10,20,2,2,1,2
170,4,13,5,20,2,2,1,2
170,4,14,3,20,2,2,1,2
170,4,15,3,20,2,2,1,2
170,4,16,2,20,2,2,1,2
170,4,17,2,20,2,2,1,2
170,4,18,10,20,2,2,1,2
170,4,19,6,20,2,2,1,2
171,2,1,9,19,2,2,1,1
171,2,2,10,19,2,2,1,1
171,2,3,10,19,2,2,1,1
171,2,4,10,19,2,2,1,1
171,2,5,10,19,2,2,1,1
171,2,6,9,19,2,2,1,1
171,2,7,4,19,2,2,1,1
171,2,8,8,19,2,2,1,1
171,2,9,4,19,2,2,1,1
171,2,10,5,19,2,2,1,1
171,2,11,3,19,2,2,1,1
171,2,12,5,19,2,2,1,1
171,2,13,10,19,2,2,1,1
171,2,14,10,19,2,2,1,1
171,2,15,10,19,2,2,1,1
171,2,16,10,19,2,2,1,1
171,2,17,10,19,2,2,1,1
171,2,18,10,19,2,2,1,1
171,2,19,9,19,2,2,1,1
172,4,1,8,22,2,2,1,4
172,4,2,8,22,2,2,1,4
172,4,3,10,22,2,2,1,4
172,4,4,8,22,2,2,1,4
172,4,5,10,22,2,2,1,4
172,4,6,10,22,2,2,1,4
172,4,7,8,22,2,2,1,4
172,4,8,1,22,2,2,1,4
172,4,9,10,22,2,2,1,4
172,4,10,10,22,2,2,1,4
172,4,11,10,22,2,2,1,4
172,4,12,10,22,2,2,1,4
172,4,13,10,22,2,2,1,4
172,4,14,10,22,2,2,1,4
172,4,15,10,22,2,2,1,4
172,4,16,8,22,2,2,1,4
172,4,17,7,22,2,2,1,4
172,4,18,5,22,2,2,1,4
172,4,19,7,22,2,2,1,4
173,5,1,10,19,2,2,1,2
173,5,2,10,19,2,2,1,2
173,5,3,10,19,2,2,1,2
173,5,4,10,19,2,2,1,2
173,5,5,10,19,2,2,1,2
173,5,6,10,19,2,2,1,2
173,5,7,10,19,2,2,1,2
173,5,8,10,19,2,2,1,2
173,5,9,10,19,2,2,1,2
173,5,10,10,19,2,2,1,2
173,5,11,10,19,2,2,1,2
173,5,12,10,19,2,2,1,2
173,5,13,10,19,2,2,1,2
173,5,14,10,19,2,2,1,2
173,5,15,10,19,2,2,1,2
173,5,16,10,19,2,2,1,2
173,5,17,10,19,2,2,1,2
173,5,18,10,19,2,2,1,2
173,5,19,10,19,2,2,1,2
174,1,1,4,21,2,2,2,3
174,1,2,4,21,2,2,2,3
174,1,3,3,21,2,2,2,3
174,1,4,1,21,2,2,2,3
174,1,5,1,21,2,2,2,3
174,1,6,3,21,2,2,2,3
174,1,7,10,21,2,2,2,3
174,1,8,10,21,2,2,2,3
174,1,9,10,21,2,2,2,3
174,1,10,10,21,2,2,2,3
174,1,11,10,21,2,2,2,3
174,1,12,10,21,2,2,2,3
174,1,13,10,21,2,2,2,3
174,1,14,10,21,2,2,2,3
174,1,15,10,21,2,2,2,3
174,1,16,10,21,2,2,2,3
174,1,17,10,21,2,2,2,3
174,1,18,10,21,2,2,2,3
174,1,19,6,21,2,2,2,3
175,3,1,10,18,2,2,1,1
175,3,2,10,18,2,2,1,1
175,3,3,10,18,2,2,1,1
175,3,4,10,18,2,2,1,1
175,3,5,10,18,2,2,1,1
175,3,6,10,18,2,2,1,1
175,3,7,8,18,2,2,1,1
175,3,8,1,18,2,2,1,1
175,3,9,4,18,2,2,1,1
175,3,10,1,18,2,2,1,1
175,3,11,1,18,2,2,1,1
175,3,12,10,18,2,2,1,1
175,3,13,1,18,2,2,1,1
175,3,14,1,18,2,2,1,1
175,3,15,1,18,2,2,1,1
175,3,16,1,18,2,2,1,1
175,3,17,1,18,2,2,1,1
175,3,18,1,18,2,2,1,1
175,3,19,4,18,2,2,1,1
176,3,1,10,20,2,2,1,3
176,3,2,10,20,2,2,1,3
176,3,3,10,20,2,2,1,3
176,3,4,10,20,2,2,1,3
176,3,5,10,20,2,2,1,3
176,3,6,10,20,2,2,1,3
176,3,7,10,20,2,2,1,3
176,3,8,8,20,2,2,1,3
176,3,9,8,20,2,2,1,3
176,3,10,8,20,2,2,1,3
176,3,11,7,20,2,2,1,3
176,3,12,8,20,2,2,1,3
176,3,13,10,20,2,2,1,3
176,3,14,10,20,2,2,1,3
176,3,15,10,20,2,2,1,3
176,3,16,10,20,2,2,1,3
176,3,17,10,20,2,2,1,3
176,3,18,10,20,2,2,1,3
176,3,19,10,20,2,2,1,3
177,1,1,5,21,2,2,2,3
177,1,2,4,21,2,2,2,3
177,1,3,6,21,2,2,2,3
177,1,4,9,21,2,2,2,3
177,1,5,9,21,2,2,2,3
177,1,6,8,21,2,2,2,3
177,1,7,9,21,2,2,2,3
177,1,8,10,21,2,2,2,3
177,1,9,10,21,2,2,2,3
177,1,10,10,21,2,2,2,3
177,1,11,10,21,2,2,2,3
177,1,12,10,21,2,2,2,3
177,1,13,10,21,2,2,2,3
177,1,14,10,21,2,2,2,3
177,1,15,10,21,2,2,2,3
177,1,16,10,21,2,2,2,3
177,1,17,10,21,2,2,2,3
177,1,18,10,21,2,2,2,3
177,1,19,7,21,2,2,2,3
178,2,1,9,21,2,2,2,4
178,2,2,9,21,2,2,2,4
178,2,3,9,21,2,2,2,4
178,2,4,9,21,2,2,2,4
178,2,5,9,21,2,2,2,4
178,2,6,6,21,2,2,2,4
178,2,7,3,21,2,2,2,4
178,2,8,2,21,2,2,2,4
178,2,9,1,21,2,2,2,4
178,2,10,2,21,2,2,2,4
178,2,11,9,21,2,2,2,4
178,2,12,8,21,2,2,2,4
178,2,13,8,21,2,2,2,4
178,2,14,8,21,2,2,2,4
178,2,15,8,21,2,2,2,4
178,2,16,7,21,2,2,2,4
178,2,17,8,21,2,2,2,4
178,2,18,8,21,2,2,2,4
178,2,19,7,21,2,2,2,4
180,2,1,7,20,2,2,2,3
180,2,2,7,20,2,2,2,3
180,2,3,7,20,2,2,2,3
180,2,4,7,20,2,2,2,3
180,2,5,7,20,2,2,2,3
180,2,6,3,20,2,2,2,3
180,2,7,3,20,2,2,2,3
180,2,8,2,20,2,2,2,3
180,2,9,2,20,2,2,2,3
180,2,10,2,20,2,2,2,3
180,2,11,3,20,2,2,2,3
180,2,12,3,20,2,2,2,3
180,2,13,10,20,2,2,2,3
180,2,14,6,20,2,2,2,3
180,2,15,5,20,2,2,2,3
180,2,16,5,20,2,2,2,3
180,2,17,5,20,2,2,2,3
180,2,18,5,20,2,2,2,3
180,2,19,6,20,2,2,2,3
181,3,1,10,18,2,2,1,1
181,3,2,10,18,2,2,1,1
181,3,3,10,18,2,2,1,1
181,3,4,10,18,2,2,1,1
181,3,5,10,18,2,2,1,1
181,3,6,10,18,2,2,1,1
181,3,7,5,18,2,2,1,1
181,3,8,1,18,2,2,1,1
181,3,9,3,18,2,2,1,1
181,3,10,3,18,2,2,1,1
181,3,11,4,18,2,2,1,1
181,3,12,4,18,2,2,1,1
181,3,13,10,18,2,2,1,1
181,3,14,10,18,2,2,1,1
181,3,15,10,18,2,2,1,1
181,3,16,10,18,2,2,1,1
181,3,17,10,18,2,2,1,1
181,3,18,10,18,2,2,1,1
181,3,19,7,18,2,2,1,1
182,2,1,9,19,2,2,1,1
182,2,2,10,19,2,2,1,1
182,2,3,10,19,2,2,1,1
182,2,4,10,19,2,2,1,1
182,2,5,10,19,2,2,1,1
182,2,6,10,19,2,2,1,1
182,2,7,3,19,2,2,1,1
182,2,8,2,19,2,2,1,1
182,2,9,2,19,2,2,1,1
182,2,10,2,19,2,2,1,1
182,2,11,1,19,2,2,1,1
182,2,12,3,19,2,2,1,1
182,2,13,5,19,2,2,1,1
182,2,14,5,19,2,2,1,1
182,2,15,5,19,2,2,1,1
182,2,16,5,19,2,2,1,1
182,2,17,5,19,2,2,1,1
182,2,18,5,19,2,2,1,1
182,2,19,6,19,2,2,1,1
183,1,1,3,19,2,2,1,2
183,1,2,1,19,2,2,1,2
183,1,3,3,19,2,2,1,2
183,1,4,3,19,2,2,1,2
183,1,5,2,19,2,2,1,2
183,1,6,10,19,2,2,1,2
183,1,7,6,19,2,2,1,2
183,1,8,9,19,2,2,1,2
183,1,9,10,19,2,2,1,2
183,1,10,10,19,2,2,1,2
183,1,11,10,19,2,2,1,2
183,1,12,10,19,2,2,1,2
183,1,13,8,19,2,2,1,2
183,1,14,8,19,2,2,1,2
183,1,15,8,19,2,2,1,2
183,1,16,9,19,2,2,1,2
183,1,17,10,19,2,2,1,2
183,1,18,8,19,2,2,1,2
183,1,19,4,19,2,2,1,2
184,1,1,7,19,2,2,4,2
184,1,2,4,19,2,2,4,2
184,1,3,5,19,2,2,4,2
184,1,4,5,19,2,2,4,2
184,1,5,4,19,2,2,4,2
184,1,6,5,19,2,2,4,2
184,1,7,7,19,2,2,4,2
184,1,8,8,19,2,2,4,2
184,1,9,8,19,2,2,4,2
184,1,10,9,19,2,2,4,2
184,1,11,10,19,2,2,4,2
184,1,12,10,19,2,2,4,2
184,1,13,9,19,2,2,4,2
184,1,14,9,19,2,2,4,2
184,1,15,9,19,2,2,4,2
184,1,16,9,19,2,2,4,2
184,1,17,9,19,2,2,4,2
184,1,18,9,19,2,2,4,2
184,1,19,9,19,2,2,4,2
